City,State,Title,Address,Phone,Website,Rating,Rating_Count,Category,Scraped_Email,Scraped_Phone,Facebook_URL,Instagram_URL,LinkedIn_URL,YouTube_URL
Chennai,Tamil Nadu,Bright Ventures Academy - Share Market Training Classes | Stock Trading Courses,"2nd Floor, 307/4, Alapakkam Main Rd, near Seven Hills Polytechnic, Maduravoyal, Chennai, Tamil Nadu 600095",098848 88824,http://www.commoditytradingmcx.com/,4.9,720.0,Training center,,7228615432,,,,
Chennai,Tamil Nadu,TRADE ACHIEVERS,"No 2/69, 3rd floor, Poonamallee High Rd, Janakiraman Colony, Arumbakkam, Chennai, Tamil Nadu 600106",098843 42395,https://www.tradeachievers.com/,4.8,3600.0,Training center,tradeachievers@gmail.com,+919384822935,https://www.facebook.com/tradeachievers,https://www.instagram.com/tradeachievers/,,https://www.youtube.com/channel/UCzk4zJEoZMnjvpoN0HlKjHQ
Chennai,Tamil Nadu,CONTANGO TRAINING & RESEARCH ACADEMY | STOCK MARKET TRADING EDUCATION,"8, Rangarajulu St, Ayyavoo Colony, Aminjikarai, Chennai, Tamil Nadu 600030",063791 69369,https://contangoacademy.com/,4.8,360.0,Training center,,6379169369,https://www.facebook.com/contangoacademy,https://www.instagram.com/contangoacademy/,,https://www.youtube.com/@contangoacademy
Chennai,Tamil Nadu,B Square Trade Academy,"2nd Floor, No: 31/32, Palayakaran St, near by Paathala Kanniyamman Alayam, Kodambakkam, Chennai, Tamil Nadu 600024",098409 14944,https://bsquaretradeacademy.com/,4.8,685.0,Training center,info@bsquaretradeacademy.com,6274453342,https://www.facebook.com/bsquaretradeacademyofficial,https://www.instagram.com/bsquaretradeacademyofficial/,https://www.linkedin.com/company/bsquaretradeacademy/,https://youtube.com/video/2ZVuXvIV_aM/
Chennai,Tamil Nadu,Invest Chennai Training Academy,"199, Basement, N Usman Rd, T. Nagar, Chennai, Tamil Nadu 600017",095663 82667,https://investchennai.in/,5.0,11.0,Online Share Trading Center,in@gmail.com,8953185680,https://www.facebook.com/profile.php?id=100089531856800,https://www.instagram.com/investchennai/?igshid=YmMyMTA2M2Y%3D,,https://www.youtube.com/@InvestChennai
Chennai,Tamil Nadu,EQSIS,"6/11A, 3rd Cross St, Trustpuram, Kodambakkam, Chennai, Tamil Nadu 600024",095000 77790,https://www.eqsis.com/stock-market-training/,4.8,2300.0,Training center,,7407683265,,,,
Chennai,Tamil Nadu,D TRADING CLASS - STOCK MARKET TRAINING INSTITUTE,"Sai Nivas building, No: 7; Renugambal Nagar, opposite to Saibaba Temple, Kelambakkam, Tamil Nadu 603103",073055 72954,http://www.dtradingclass.in/,4.9,65.0,Stock broker,,+91 7305572954,,,,
Chennai,Tamil Nadu,NAMMA TRADING ACADEMY,"10, Meenakshi St, Karthikeyan Nagar, Maduravoyal, Chennai, Tamil Nadu 600095",073389 94283,https://www.ntaacademy.in/,4.9,82.0,Training center,info@ntaacademy.in,,,,,
Chennai,Tamil Nadu,S&C Trading Academy,"27/1A, Kavitha St, Ur Nagar, Padi, Chennai, Tamil Nadu 600050",099405 96300,http://www.tradingacademy.co.in/,4.9,271.0,Online Share Trading Center,info@tradingacademy.co.in,+91 9940596300,,,,
Chennai,Tamil Nadu,MCUBE Academy,"2nd Floor, Vijaya Complex, 3/56, 200 Feet Radial Rd, Echankadu, Junction, Tambaram, Tamil Nadu 600129",096009 03515,http://www.mcubeacademy.com/,4.8,239.0,Training center,training@mcubeacademy.in,7524980087,https://www.facebook.com/MCUBEAcademy.in,https://www.instagram.com/mcube_academy1/,https://www.linkedin.com/in/jeyaprakashm/,
Chennai,Tamil Nadu,Tamiztrader Academy,"Our class ADDRESS: No.4,2nd FloorNew, saidapet/ T. nagar, S W Boag Rd, Kannammapet, T. Nagar, Tamil Nadu 600017",087546 32758,https://tamiztradersudarshan.com/,4.9,230.0,Education center,tamiztrader@gmail.com,6542401405,,https://www.instagram.com/tamiz_trader,,https://www.youtube.com/channel/UC6E3mm8O_NbCPMPWEiK37XQ
Chennai,Tamil Nadu,Piivot Share Trading institute,"No. 2, 56, NGO Colony Main Rd, near Ammai Appan Store, Vadapalani, Chennai, Tamil Nadu 600026",090805 96765,,4.6,33.0,Online Share Trading Center,,,,,,
Chennai,Tamil Nadu,Monica Training Academy,"Sami Nagar, Thiruninavur, Chennai, Tamil Nadu 602024",072995 79419,,4.9,44.0,Training center,,,,,,
Chennai,Tamil Nadu,Fedu Academy,"New No 23, Unit No 06, Suite No 36, 5th Floor, Westcott Road, New Colony, Royapettah, Chennai, Tamil Nadu 600014",098412 36542,http://www.feduacademy.com/,4.5,98.0,Training center,info@feduacademy.com,,,,,
Chennai,Tamil Nadu,EQSIS,"2nd Floor, A' Wing, MGM Diamond Building, No 136, Velachery Main Rd, Saidapet, Chennai, Tamil Nadu 600015",095006 65095,https://www.eqsis.com/,5.0,229.0,Training center,,7407683265,,,,
Chennai,Tamil Nadu,Sai Sharetute,"13, Mooparappan St, CIT Nagar East, CIT Nagar, Chennai, Tamil Nadu 600017",098409 20751,https://saisharetute.in/,3.8,30.0,Trade school,saisharetutechennai@gmail.com,9840700751,,,,
Chennai,Tamil Nadu,Stockmonktradingclub,"2nd Floor, BOI Building, 8/17, Mahalakshmi St, T. Nagar, Chennai, Tamil Nadu 600017",099946 67148,http://www.stockmonktradingclub.com/,4.5,21.0,Stock broker,,,,,,
Chennai,Tamil Nadu,TRADE GENIUZ,"R.TOWERS, S.K, Alapakkam Main Rd, Sundar Nagar, Alappakkam, Chennai, Tamil Nadu 600116",081484 46225,http://www.tradegeniuz.com/,4.8,226.0,Online Share Trading Center,support@tradegeniuz.com,6037193579,,https://www.instagram.com/tradegeniuscapitals/?hl=en,,https://www.youtube.com/channel/UCPC-Vq5-fqqnTZzpGiifP2Q
Chennai,Tamil Nadu,Traderz Arena,"4, 2nd Cross St, East Kamakoti Nagar, Valasaravakkam, Chennai, Tamil Nadu 600087",093631 19191,,4.8,4.0,Online Share Trading Center,,,,,,
Chennai,Tamil Nadu,Trading Path,"43/32, 1st St, Sarvamangala Colony, Pudur, Ashok Nagar, Chennai, Tamil Nadu 600083",099426 46880,https://wa.me/message/T3FR2G76XQ4TC1,4.9,120.0,Training center,,7895072957,https://www.facebook.com/profile.php?id=100064758844406,https://www.instagram.com/whatsapp/?hl=en,,https://www.youtube.com/channel/UCAuerig2N-RZWJT8x75V9yw
Chennai,Tamil Nadu,MarketScale Trading Academy-MASTA,,093630 20620,https://marketscaletradingcourse.com/,4.9,577.0,Coaching Center,,,,,,
Chennai,Tamil Nadu,Tamil share market academy,"PLOT 21 A FLAT F1 B THIRUMAGAL NAGAR, Selaiyur, Tambaram, Tamil Nadu 600073",099403 77681,https://tamilsharemarket.in/,4.7,15.0,Financial consultant,support@tamilsharemarket.in,+91 9940377681,https://www.facebook.com/profile.php?id=100076929233991,https://www.instagram.com/saravananaxisdirect/,https://www.linkedin.com/in/saravanan-saravanan-10a908229/,
Chennai,Tamil Nadu,Kite Academy,"Building, New No. 37, Old No. 110 4th Floor, Chateau D Ampa, Nelson Manickam Rd, Aminjikarai, Chennai, Tamil Nadu 600030",098408 46066,https://kiteacademy.co.in/,4.9,285.0,Educational institution,info@indiantypefoundry.com,6464088397,,https://www.instagram.com/kiteacademy_chennai,,https://www.youtube.com/@KITEAcademy_Chennai
Chennai,Tamil Nadu,Market Gain,"New No.62, Old No.106, 2nd floor, Chamiers Rd, Teynampet, Chennai, Tamil Nadu 600035",097910 62999,,4.5,44.0,Online Share Trading Center,,,,,,
Chennai,Tamil Nadu,Tradezillion Professional Stock Market Training Academy,"2nd Floor, Sri Lakshmi Complex, 208-B, Cross Cut Rd, Gandhipuram, Coimbatore, Tamil Nadu 641012",096553 70008,https://www.tradezillion.com/,4.9,116.0,Training center,info@tradezillion.com,,,,,
Chennai,Tamil Nadu,GOPOCKET - Share Trading and Training Centre,"J.V.L. Arcade, 18/199, N Usman Rd, T. Nagar, Chennai, Tamil Nadu 600017",099407 50690,https://gopocket.in/,4.5,44.0,Online Share Trading Center,hello@gopocket.in,8618929543,https://www.facebook.com/Gopocketoffical/,https://www.instagram.com/gopocket_official/,,https://www.youtube.com/playlist?list=PLrYyePLIggbAruYyabCqaGG7vQHG2gzoq
Chennai,Tamil Nadu,Stock Market Training and Wealth Management by Excelsior,"second floor, 90/1, Landons Rd, Kilpauk, Chennai, Tamil Nadu 600010",070194 27651,https://www.tradexcelsior.com/,5.0,10.0,Educational institution,tradexcelsior@gmail.com,6000000000,,,,
Chennai,Tamil Nadu,Zigma traders,"T1, 3rd Floor, Anna valagham, 82, Arcot Rd, Trustpuram, Kodambakkam, Chennai, Tamil Nadu 600024",090428 68767,https://zigmatraders.in/,5.0,103.0,Financial institution,,6156302413,https://www.facebook.com/profile.php?id=61567045196641,https://www.instagram.com/zigma_traders/,,https://www.youtube.com/@ZigmaTradersofficial
Chennai,Tamil Nadu,Pangusandhai.com,"3rd Floor, W - 126, Anna Nagar, Chennai, Tamil Nadu 600040",081900 04353,https://pangusandhai.com/,4.9,116.0,Educational institution,,6826568265,https://www.facebook.com/profile.php?id=61571457717264,https://www.instagram.com/pangusandhai_com/,,
Chennai,Tamil Nadu,Sri Ram Stocks Solution,"Sri Ram Stocks Solution W - 126, 3rd floor, Anna Nagar, Chennai, Tamil Nadu 600040",076399 27298,http://www.sriramstockssolution.com/,4.8,65.0,Stock broker,,+91 7639927298,https://www.facebook.com/sriramstockssolution,https://www.instagram.com/sriramstockssolution/,,
Chennai,Tamil Nadu,Trendy Traders Academy | Trading Institute in Bangalore,"3rd Floor, Building 18, 24th Main Rd, 5th Phase, Nagaraja Garden, J. P. Nagar, Bengaluru, Karnataka 560078",072200 22266,https://www.trendytraders.in/,4.7,421.0,Educational institution,update@trendytraders.in,8597209999,https://www.facebook.com/traderstrendy/,https://www.instagram.com/trendy.traders/,https://www.linkedin.com/company/trendyy-traders/,https://www.youtube.com/@trendytraders
Chennai,Tamil Nadu,TRADING MEDIA -Option Trading Academy,"Chidambaram, Tamil Nadu 608001",096776 57713,https://sites.google.com/view/tradingmedia/home,4.5,2.0,Training center,,7895073180,,https://www.google.com/url?q=https%3A%2F%2Fwww.instagram.com%2Ftrading_media_%3Figsh%3DamZvZnlwcXZwdjh5&amp;sa=D&amp;sntz=1&amp;usg=AOvVaw3dZV6ON7RoyilRK9PAyNlY,,https://youtube.com/@trading_media_tamil?si=Y7AAtreXxxbZ8yTx
Chennai,Tamil Nadu,AFOFA Trading Academy,"First floor, Plot No 19, Sabari Salai, Madipakkam, Moovarasampettai, Tamil Nadu 600091",099522 72370,https://afofatradingacademy.com/,4.9,10.0,Training center,contact@afofatradingacademy.com,9941652530,https://www.facebook.com/afofatradingacademy,https://www.instagram.com/afofa_tradingacademy/,,https://www.youtube.com/@GMSTOCKPRO
Chennai,Tamil Nadu,Lifelong Profit,"Door No: 3, Perumal Nagar, Pallikaranai, Chennai, Tamil Nadu 600100",088077 83038,https://lifelongprofit.com/,4.9,124.0,Training center,,,,,,
Chennai,Tamil Nadu,Trade emperor,"No 17A Muthayal Street, Anna Salai, behind Karur Vaishya Bank, Little Mount, Saidapet, Chennai, Tamil Nadu 600015",084380 56865,http://tradeemperor.in/,4.9,110.0,Education center,tradeemporer@gmail.com,7714924381,https://www.facebook.com/people/Trade-Emperor/100063974147135/,https://www.instagram.com/trade_emperor_/,,https://www.youtube.com/@tradeemperor
Chennai,Tamil Nadu,Art Of Option Trading,"1st floor, near, Shanmugham Rd, near Marine drive, Menaka, Kochi, Kerala 682031",077369 40545,,4.9,132.0,Educational institution,,,,,,
Chennai,Tamil Nadu,JustforTraders,"4th St, Velachery, Chennai, Tamil Nadu 600042",063809 94713,https://justfortraders.in/,4.0,99.0,Education center,,6171893495,,,,https://www.youtube.com/watch?v=r_Gy_cq0gic
Chennai,Tamil Nadu,1K Traders Academy,"2nd Floor, Sony Centre Building, Annai Plaza 38, &, MTH Rd, opposite to Vasanth & Co, Ambattur, Chennai, Tamil Nadu 600053",073582 23332,http://www.1ktradersacademy.com/,4.9,21.0,Educational institution,,,,,,
Chennai,Tamil Nadu,Tradebox Capital,"2nd Floor, 118, Karuneegar St, Paramesh Nagar, Chennai, Tamil Nadu 600088",081229 48430,https://tradeboxcapital.com/,4.8,212.0,Education center,support@tradeboxcapital.com,7896166972,,https://www.instagram.com/tradeboxcapital?igsh=ZHVnZ2R4aW9kNnJh&#038;utm_source=qr,https://in.linkedin.com/in/tradebox-capital-b81887355?original_referer=https%3A%2F%2Fwww.google.com%2F,https://www.youtube.com/@Tradeboxcapital
Chennai,Tamil Nadu,Anyone Can Trade Training Academy Madurai,"Kannadasan 1st St, S S Colony, Tamil Nadu 625016",086680 75022,,5.0,130.0,Online Share Trading Center,,,,,,
Chennai,Tamil Nadu,ECTRA,"3rd Avenue, G.R.D. Towers Anna Arch Road AA Block, Shanthi Colony, Anna Nagar West, Chennai, Tamil Nadu 600040",072999 95961,http://www.sharemarketclass.in/,4.9,162.0,Training center,promo@gmail.com,6700012842,https://www.facebook.com/sharer/sharer.php?u=https://www.sharemarketclass.in,,https://www.linkedin.com/shareArticle?mini=true&amp;url=https://www.sharemarketclass.in,
Chennai,Tamil Nadu,Share Market Profile,"No 143, 1, Uthamar Gandhi Rd, opp. The park Hotel, Thousand Lights West, Nungambakkam, Chennai, Tamil Nadu 600006",095669 77791,,4.6,9.0,Training center,,,,,,
Chennai,Tamil Nadu,Rupeedesk Training - Share market Training,"No 41, 16, Balaji Singh St, Saidapet, Chennai, Tamil Nadu 600015",044 2433 3577,http://www.rupeedesk.in/,4.9,10.0,Financial consultant,admin@rupeedesk.in,9841986753,,,,
Anna Nagar Chennai,Tamil Nadu,Trade Experts Academy,"1&1A, 13th St, U R Nagar Extension, Chennai, Tamil Nadu 600101",093617 87277,,5.0,87.0,Training center,,,,,,
Anna Nagar Chennai,Tamil Nadu,ZEUSS TRADER,"No.2/14, Bus Stand, Collector Nagar Rd, Radial Nagar, Anna Nagar West Extension, Chennai, Tamil Nadu 600101",085249 53208,,5.0,3.0,Trade school,,,,,,
Anna Nagar Chennai,Tamil Nadu,TradingCritique,"1/1A, U R Nagar Extension, Anna Nagar West Extension, Chennai, Tamil Nadu 600050",081110 10141,,5.0,5.0,Financial institution,,,,,,
T Nagar Chennai,Tamil Nadu,Xoduse,"10/16, Zachariah Colony 1st St, near Kodambakkam, Chennai, Tamil Nadu 600094",086818 12181,https://xoduse.com/,5.0,39.0,Online Share Trading Center,xoduse@gmail.com,8398023622,,,,
T Nagar Chennai,Tamil Nadu,Goodwill Wealth Management Pvt Ltd (T.NAGAR),"First Floor28, Roop Emerald, A- 1, N Usman Rd, T. Nagar, Chennai, Tamil Nadu 600017",044 6900 9752,https://www.gwcindia.in/branch-stock-broker-Chennai-T-Nagar,4.7,113.0,Stock broker,grievance@gwcindia.in,+91 8012278000,https://www.facebook.com/gwcindia,https://www.instagram.com/goodwill_wealth_management/,https://www.linkedin.com/company/goodwill-wealth-management/,https://www.youtube.com/c/GoodWillwealthmanagementpvtltd
Tambaram Chennai,Tamil Nadu,"Stock Market Box - Classes,Demat and Trading","No 91, RV Garden, W Tank St, Kadaperi, Tambaram, Tamil Nadu 600045",077089 42233,https://www.stockmarketbox.com/stores/,,,Stock broker,,,,,,
Tambaram Chennai,Tamil Nadu,Let's Face Trading Academy,"Bus stop, 909/210C, Ground Floor, Velachery Main Road, Camp Rd, behind Ganga Sweets, Selaiyur, Tambaram, Tamil Nadu 600073",099526 52752,,5.0,84.0,Coaching Center,,,,,,
Tambaram Chennai,Tamil Nadu,TRADING SECRETS ACADEMY ( CHENNAI ),"2/5, Brindavan Ave, near AG Hospital, West Tambaram, Tambaram, Tamil Nadu 600045",080569 25382,https://tradingsecretsacademy.com/,4.5,4.0,Educational institution,,,,,,
Tambaram Chennai,Tamil Nadu,Like Share Trading Academy,"33, Kalaignar Nedunchalai, New Perungalathur, Chennai, Kanchipuram, Tamil Nadu 600063",087784 55940,,,,Online Share Trading Center,,,,,,
Tambaram Chennai,Tamil Nadu,"Level Up STC- Software Training Institute-Tambaram, Chennai","145, 25A, Erikkarai St, Vinayakarpuram, East Tambaram, Tambaram, Tamil Nadu 600059",093614 53182,http://www.levelupstc.com/,4.9,70.0,Software Training Institute,,9361453182,https://www.facebook.com/Levelupstc,https://www.instagram.com/levelupstc_softwaretraining/,https://www.linkedin.com/company/levelupstc/,https://www.youtube.com/@Levelupstc
Tambaram Chennai,Tamil Nadu,Classroom Of Traders,"18 A, VOC St, Kaikankuppam, Valasaravakkam, Chennai, Tamil Nadu 600087",099622 34448,https://classroomoftraders.com/,4.9,58.0,Online Share Trading Center,info@fredrikedge.com,9199622344,https://www.facebook.com/classroomoftraders,https://www.instagram.com/classroomoftraders/,https://www.linkedin.com/company/fredrikedge,https://www.youtube.com/@classroomoftraders
Tambaram Chennai,Tamil Nadu,Tamil Share Market Training Institute,"87, 1st Floor, RK Samy Building, Sathy Rd, near Bus Stand signal, Erode, Tamil Nadu 638003",099430 83099,http://www.tamilsharemarket.net/,5.0,10.0,Training center,user@domain.com,7740756403,https://www.facebook.com/JoinTamilShareMarket/,https://www.instagram.com/tamilshare_market/,,
Tambaram Chennai,Tamil Nadu,Trader's Corner - Learn all about Stock Market,"8/18, Nobel St, Alandur, Chennai, Tamil Nadu 600016",063833 30676,https://t.me/traders_corner_tc,5.0,4.0,Training center,,7063942181,,,,
Tambaram Chennai,Tamil Nadu,Alice blue - Chennai Selaiyur branch,"14, Metha, Ganesh Nagar Main Rd, Mahalakshmi Nagar, Selaiyur, Tambaram, Tamil Nadu 600073",098406 99611,https://alicebluefinacialservice.hrmslyzoo.in/,4.9,14.0,Stock broker,,,,,,
Tambaram Chennai,Tamil Nadu,SAPT,"Tiruneermalai Main Rd, Tambaram, Tamil Nadu 600044",098431 61850,https://www.verticalprogress.in/course/SAPT---Selling-Skills-for-Business-Development,4.8,317.0,Business development service,,,,,,
Tambaram Chennai,Tamil Nadu,"Stock Market Box - Classes,Demat and Trading","No 5/8, Main Rd, behind Super Saravana Stores, Joseph Colony, Kannan Nagar, Chromepet, Tambaram, Tamil Nadu 600044",070102 54502,https://www.stockmarketbox.com/stores/,,,Stock broker,,,,,,
Tambaram Chennai,Tamil Nadu,Goodwill Wealth Management Pvt Ltd,"3rd floor, 128, 1st St, Shanthi Nagar, Tambaram, Tamil Nadu 600044",044 6900 9717,https://gwcindia.in/branch-stock-broker-Chennai-Shanthi-Nagar/,4.7,248.0,Stock broker,velacherygmb@gwcindia.in,+91 8012278000,https://www.facebook.com/gwcindia,https://www.instagram.com/goodwill_wealth_management/,https://www.linkedin.com/company/goodwill-wealth-management/,https://www.youtube.com/c/GoodWillwealthmanagementpvtltd
Tambaram Chennai,Tamil Nadu,Candlestick Masters Academy,"Shankar Nagar, Pammal, Tambaram, Tamil Nadu 600075",095661 05170,https://www.candlestickmasters.com/,5.0,40.0,Training center,,6414469394,,,,
Tambaram Chennai,Tamil Nadu,Thrive Traders Academy,"Jayalakshmi Street, Chennai, Tamil Nadu 600092",077380 57380,http://www.thethrivetraders.com/,4.9,26.0,Educational institution,,,,,,
Tambaram Chennai,Tamil Nadu,CapitalZone,"7, 1st Main Road, Landmark: Street, next to TMB and Jayam Super Market, Alamelupuram, Madambakkam, Tambaram, Tamil Nadu 600126",099621 43422,https://www.capitalzone.in/,4.0,120.0,Stock broker,contactus@capitalzone.in,9803921568,https://www.facebook.com/capitalzoneitjegan%20,https://www.instagram.com/capitalzone_itjegan/%20,,https://www.youtube.com/@CapitalZoneTamil
Tambaram Chennai,Tamil Nadu,Avadhut Sathe Trading Academy Pvt Ltd,"Flying Colors Premises Co-op Soc. Ltd Unit No.201, Pandit Dindayal Upadhyay Marg, S. Cross Road, L.B, Mulund West, Mumbai, Maharashtra 400604",072089 96417,http://www.avadhutsathe.com/,4.8,4500.0,Training center,,7979856674,https://www.facebook.com/AvadhutSatheTradingAcademy,https://www.instagram.com/avadhutsathetradingacademy,https://www.linkedin.com/company/14584923/admin/,https://www.youtube.com/channel/UCaiV1-PUXDu2Nmx8iOZkofQ
Tambaram Chennai,Tamil Nadu,T.I.M.E. - Tambaram,"2nd Floor, No: 2A, Duraiswamy Reddy St, near Passport Office, opp. Agarwal Eye Hospital, West Tambaram, Tambaram, Tamil Nadu 600045",089399 72104,http://www.time4education.com/gate,4.6,452.0,Coaching Center,,,,,,
Velachery Chennai,Tamil Nadu,Share Market Profile | Velachery,"Pournami Villa, 2A/F2, 1st Cross St, Seshadripuram, Chennai, Tamil Nadu 600042",095858 44338,,4.9,13.0,Educational consultant,,,,,,
Coimbatore,Tamil Nadu,Market Vibes Academy – Stock Market Training Institute,"No 4, 1st Floor, Om Ganesh Nagar, Vadavalli, Tamil Nadu 641041",075400 02321,https://knowledgevibes.in/stock-market-training-in-coimbatore/,4.9,494.0,Training center,,+917316966888,https://www.facebook.com/knowledgevibes/,https://www.instagram.com/knowledgevibesacademy/,https://www.linkedin.com/company/knowledge-vibes-academy/,https://www.youtube.com/channel/UC7-VvT8zO0W9oTpCOsFjKaw
Coimbatore,Tamil Nadu,TRADE ACHIEVERS TRAINING ACADEMY - COIMBATORE,"MUTHU TOWERS NO 65, 1ST FLOOR, 7TH CROSS, Bharathi Park Rd, Saibaba Colony, Tamil Nadu 641011",093848 21461,https://www.tradeachievers.com/,4.7,390.0,Online Share Trading Center,tradeachievers@gmail.com,+919384822935,https://www.facebook.com/tradeachievers,https://www.instagram.com/tradeachievers/,,https://www.youtube.com/channel/UCzk4zJEoZMnjvpoN0HlKjHQ
Coimbatore,Tamil Nadu,Stoxology - Stock Market Training Academy,"KPA Building, F2-9, 7th Street Ext, Gandhipuram, Coimbatore, Tamil Nadu 641012",073391 91596,https://stoxology.in/,4.8,43.0,Online Share Trading Center,,7339191596,,,,
Coimbatore,Tamil Nadu,SRAVN Stock Market Training Academy,"CAG Central, Nava India Rd, opposite KFC, Coimbatore, Tamil Nadu 641037",098946 86716,http://www.sravn.in/,4.7,72.0,Coaching Center,yourname@domain.com,,https://www.facebook.com/sravnfinserv?ref=hl,https://instagram.com/sravnfinserv/,https://www.linkedin.com/company/sravn-financial-services?trk=mini-profile,https://www.youtube.com/c/SravnFinancialServicesCoimbatore
Coimbatore,Tamil Nadu,TTA Traders Academy | trading institute for stock market,"guru towers, Coimbatore, Tamil Nadu 641006",099443 46556,http://www.ttatradersacademy.com/,4.9,34.0,Online Share Trading Center,info@ttatradersacademy.com,6723632812,https://www.facebook.com/TradingTamilcbe/,,https://www.linkedin.com/login,https://www.youtube.com/channel/UCFB0iTeNw-8Zk-xforL4IYA/videos
Coimbatore,Tamil Nadu,TRADE GURU TRAINING CENTER,"Cross cut, 8th St, Coimbatore, Tamil Nadu 641012",086105 14442,https://tradegurucovai.com/,4.7,128.0,Online Share Trading Center,admin@tradegurucovai.com,6347856023,https://www.facebook.com/tradegurucovai/?ref=pages_you_manage,,,
Coimbatore,Tamil Nadu,Share Market Trading Training,"115,latha Complex, Main Road, Near Railway Gate Somanur,cbe-68, coimbatore, Tamil Nadu 641659",074187 75412,https://www.stockmasternagaraj.com/,4.8,63.0,Stock broker,,9358479183,,,,
Coimbatore,Tamil Nadu,WidePro Trading Academy,"12/1, Union Rd, South, Narasimhanaickenpalayam, Tamil Nadu 641031",080154 69504,,5.0,2.0,Education center,,,,,,
Coimbatore,Tamil Nadu,Nesher Corporate,"8, Srinagar Rd, Hope College, Coimbatore, Tamil Nadu 641004",082480 29980,http://neshercorporate.in/,4.3,688.0,Stock broker,info@neshercorporate.in,9182480299,https://facebook.com,,https://linkedin.com,http://youtube.com
Coimbatore,Tamil Nadu,Profit Trading Academy,"12/46, 9th St, Siddhapudur, Tatabad, Coimbatore, Tamil Nadu 641012",090800 99166,,3.0,2.0,Corporate office,,,,,,
Coimbatore,Tamil Nadu,stock Dominators Trading academy,"shop no 35, sri sai complex, opposite to avila convent school, Coimbatore, Tamil Nadu 641025",063741 47511,https://www.stockdominators.in/,5.0,3.0,Online Share Trading Center,,,,,,
Coimbatore,Tamil Nadu,MAASAATHUVAAN TRADING INSTITUTE - NISM EXAM COACHING CENTRE,"2nd Floor, 88-C1, 5th Cross, Lal Bahadur Colony, Coimbatore, Tamil Nadu 641004",078459 76767,http://www.maasaathuvaan.in/,5.0,26.0,Educational institution,,,,,,
Coimbatore,Tamil Nadu,MARS EQUITY,"372/A3, 'SRI VRIKSHAM' 2F, V.G.R.Puram, Alagesan Rd, Saibaba Colony, Coimbatore, Tamil Nadu 641011",083001 69977,https://www.marsequity.in/about,5.0,42.0,Online Share Trading Center,,6760563380,https://www.facebook.com/marsequity,https://www.instagram.com/marsequity/,https://www.linkedin.com/company/marsequity,https://www.youtube.com/@marsequity
Coimbatore,Tamil Nadu,NEDLOG ACADEMY PVT LTD,"161, 7th St, Ganapathy, Coimbatore, Tamil Nadu 641006",079044 83540,https://nedlogacademy.com/,4.7,24.0,Educational institution,,,,,,
Coimbatore,Tamil Nadu,iTRADE CAPITAL MARKETS P LTD,"II floor 198/2, Vasu Arcade, Raja Annamalai Rd, opp. city union bank, Saibaba Colony, Coimbatore, Tamil Nadu 641011",086810 01100,http://www.itradecm.com/?i=1,4.8,106.0,Investment service,,,,,,
Coimbatore,Tamil Nadu,Sky Broking (Head Office),"Baba Complex, 40-49, 40-49, Devangapet Street Number 3, Flower Market, R.S. Puram, Coimbatore, Tamil Nadu 641001",095853 95753,https://www.gopocket.in/,4.5,83.0,Stock broker,hello@gopocket.in,8618929543,https://www.facebook.com/Gopocketoffical/,https://www.instagram.com/gopocket_official/,,https://www.youtube.com/playlist?list=PLrYyePLIggbAruYyabCqaGG7vQHG2gzoq
Coimbatore,Tamil Nadu,GIX TRADING ACADEMY,"Second Floor, SLV Aranya square, 2A, opposite to Women's polytechnic, New Siddhapudur, Tamil Nadu 641044",074184 02591,https://www.gixtradingacademy.com/,5.0,9.0,Online Share Trading Center,,,,,,
Coimbatore,Tamil Nadu,Trade with Mythili /share trading /option trading /forex trading,"18/33 PRK nagar, Irugur, Tamil Nadu 641103",086678 41969,http://www.niramcollections.in/,4.3,23.0,Online Share Trading Center,,,,,,
Coimbatore,Tamil Nadu,KIFF BOSS Academy,"1/8-Vaiyapurinagar Valiampalayam Sathy Road, post, Saravanampatti, Coimbatore, Tamil Nadu 641048",086678 74536,http://www.kiffboss.in/,4.8,19.0,Educational institution,boss@kiffboss.com,9186678745,https://www.facebook.com/KIFBOSS/,https://www.instagram.com/kiff_boss/,https://www.linkedin.com/in/shanmugan-palanisamy-625a2766,https://www.youtube.com/@Kiff_Boss
Coimbatore,Tamil Nadu,Goodwill Wealth Management Pvt Ltd (R S Puram),"Ashirwad Tower, Post Office, No 364/4-A, Diwan Bahadur Rd, behind R.S.Puram, R.S. Puram, Coimbatore, Tamil Nadu 641002",044 6900 9715,https://gwcindia.in/branch-stockbroker-coimbatore-r-s-puram/,4.9,95.0,Stock broker,Grievance@gwcindia.in,+91 8012278000,https://www.facebook.com/gwcindia,https://www.instagram.com/goodwill_wealth_management/,https://www.linkedin.com/company/goodwill-wealth-management/,https://www.youtube.com/c/GoodWillwealthmanagementpvtltd
Coimbatore,Tamil Nadu,BR Academy Pvt Ltd,"RSB Towers, SAHS College Post, 1274, Mettupalayam Main Rd, near Saibaba Temple, Coimbatore, Tamil Nadu 641043",099520 49494,https://www.bracadmy.com/,4.8,223.0,Training center,,8033250042,https://www.facebook.com/bracademys,https://www.instagram.com/bracademycbe/,https://www.linkedin.com/company/br-academy-private-limited/,https://youtube.com/@bracademys
Coimbatore,Tamil Nadu,Enrich Money - Coimbatore,"1st floor 381, Bharathiyar Rd New Siddhapudur, Gandhipuram, Coimbatore, Tamil Nadu 641044",090425 88324,https://enrichmoney.in/,4.5,41.0,Stock broker,grievances@enrichmoney.in,6021400785,https://www.facebook.com/Enrichmoney,https://www.instagram.com/enrichmoneyofficial/,https://www.linkedin.com/company/enrichmoney/,https://www.youtube.com/watch?v=x9SzEPqKsew
Coimbatore,Tamil Nadu,Mirae Asset Sharekhan - Branch Race Course Road,"Cowcoody Chambers, No 234A, Race Course Rd, Gopalapuram, Coimbatore, Tamil Nadu 641018",080 6919 6215,https://stockbroker-branch.sharekhan.com/mirae-asset-sharekhan-branch-race-course-road-coimbatore-branch-stock-broker-race-course-road-coimbatore-7033/Home,4.6,104.0,Stock broker,selvaraj@bp.sharekhan.com,+918069196215,https://www.facebook.com/364052350736885,https://www.instagram.com/sharekhan/,,https://www.youtube.com/user/SHAREKHAN
Coimbatore,Tamil Nadu,Daily Gong Financial Services Ltd,"No: 112, 3rd Floor, Dr Rajendra Prasad Rd, behind Kalyan Jewellers, 5th Street Extension, Gandhipuram, Tamil Nadu 641012",097912 68866,,4.7,336.0,Stock broker,,,,,,
Coimbatore,Tamil Nadu,Knowledge Vibes Academy,"No 4, Om Ganesh Nagar, Vadavalli, Tamil Nadu 641041",063838 43638,https://knowledgevibes.in/?utm_source=google&utm_medium=gmb&utm_campaign=website_content&utm_id=knowledgevibes,4.8,143.0,Coaching Center,,6666666666,https://www.facebook.com/knowledgevibes/,https://www.instagram.com/knowledgevibesacademy/,https://www.linkedin.com/company/knowledge-vibes-academy/,https://www.youtube.com/channel/UC7-VvT8zO0W9oTpCOsFjKaw
Coimbatore,Tamil Nadu,Angel One Ltd. - Karthikprabu T,"1st Floor, Subbu Complex, No 203, Thadagam Main Rd, Near Milk Company, R.S. Puram, Coimbatore, Tamil Nadu 641002",080 3760 3735,https://stockbroker.angelone.in/angel-one-ltd-karthikprabu-t-stock-broker-rs-puram-coimbatore-386287/Home?utm_source=locator&utm_medium=googleplaces,4.9,140.0,Stock broker,senthamaraitrade@gmail.com,7111022354,https://www.facebook.com/711102235420660,,,
Madurai,Tamil Nadu,ICFM Madurai - Stock Market Institute,"Apollo Pharmacy Upstairs, ICFM - Stock Market Institute, 81, Alagar Kovil Main Rd, Surveyor Colony, Kodikulam, Madurai, Tamil Nadu 625007",098188 80568,,4.9,18.0,Educational institution,,,,,,
Madurai,Tamil Nadu,TradingTimesAcademy,,093631 12163,https://www.tradingtimesacademy.com/,5.0,11.0,Education center,tradingtimesofficial@gmail.com,9193631121,https://www.facebook.com/share/1Gr4nUbUuN/,https://www.instagram.com/ashokfintech?utm_source=qr&amp;igsh=MWhiMnk3aXU1a3A4eA==,,
Madurai,Tamil Nadu,Hpf Training Academy,"No.180 2nd Floor, N Veli St, Madurai, Tamil Nadu 625001",0452 426 8153,http://www.hpftrainingacademy.com/,4.8,8.0,Educational institution,hpftrainingacademy@gmail.com,+91 8148512346,https://www.facebook.com/share/1Cm9bzSPnu/?mibextid=wwXIfr,https://www.instagram.com/hpftrainingacademy?igsi=M2doNGZkOXJvOXkx,,
Madurai,Tamil Nadu,PROFIT TRADING ACADEMY,"26 B, Krishna St, Villapuram, Madurai, Tamil Nadu 625012",072008 90901,https://chat.whatsapp.com/Bp43wsKlbtgIKTgo4gwnCu,4.9,41.0,Training center,,6475884440,https://www.facebook.com/profile.php?id=100064758844406,https://www.instagram.com/whatsapp/?hl=en,,https://www.youtube.com/channel/UCAuerig2N-RZWJT8x75V9yw
Madurai,Tamil Nadu,Urban Trading,"KFC, 25/3, Ram Nagar, Bypass Rd, opposite Madurai, 7th Street, Tamil Nadu 625016",086800 94009,http://urbantrading.in/,5.0,12.0,Training center,info@wethreee.com,6504697064,,,,
Madurai,Tamil Nadu,Profit Centre,"1st Floor Akil Plaza, 1, P & T Nagar Main Rd, near Bala mandiram school, Cs Nagar, Madurai, Tamil Nadu 625014",072008 70056,https://profitcentre.ltd/,4.9,19.0,Investment service,,,,,,
Madurai,Tamil Nadu,Conti Trainers,"430/2, Pratika Complex, Pandiyan St, Alagappan Nagar, Lakshmi Rd, Madurai, Tamil Nadu 625003",078458 28608,http://contitrainers.com/,5.0,20.0,Training center,,,,,,
Madurai,Tamil Nadu,"Trade Max Academy | Stock Market Trading Courses in Kochi, Kerala","Samskara Junction, Palarivattom, Kochi, Kerala 682025",098958 22500,https://www.trademaxacademy.com/,4.9,1700.0,Educational institution,,8909475587,https://www.facebook.com/profile.php?id=100083635306341,https://www.instagram.com/trademaxacademy?utm_source=ig_web_button_share_sheet&igsh=ZDNlZDc0MzIxNw==,https://in.linkedin.com/company/trading-companyclub,https://www.youtube.com/@trademaxacademy
Madurai,Tamil Nadu,AnA Academy,"21, Alavukara Street, South Masi Street, Madurai, Tamil Nadu 625016",094893 82180,https://anaacademy.in/,5.0,19.0,Educational institution,,,,,,
Madurai,Tamil Nadu,Shankar IAS Academy Madurai,"2nd Floor, B Mall super market, Plot no:409, Church Rd, Madurai, Tamil Nadu 625020",097896 22555,https://www.shankariasacademy.com/madurai/,4.5,580.0,Coaching Center,enquiry@shankarias.in,9789622555,https://www.facebook.com/shankariasacademy,https://www.instagram.com/shankariasacademy/,,https://www.youtube.com/c/ShankarIASAcademyVideos
Madurai,Tamil Nadu,FORTUNE ACADEMY,"V3XR C33, Pykara, Tamil Nadu 625004",091591 41116,,4.7,15.0,Coaching Center,,,,,,
Madurai,Tamil Nadu,Wealth Wizard,"Near Om Sadhana Central School,TPM Nagar, Virattipathu, HMS Colony, Ponmeni, Madurai, Tamil Nadu 625016",098421 99974,,4.8,6.0,Coaching Center,,,,,,
Madurai,Tamil Nadu,ARC Trades - Stock Market Training,"72, 60 Feet Rd, Old Madiwala, Jay Bheema Nagar, Bengaluru, Karnataka 560068",077083 28422,https://arctrades.in/,5.0,54.0,Training center,ARC@ARCTRADES.IN,8835218587,https://www.facebook.com/share/165ZyPZbUh/,https://www.instagram.com/arc__trades/,https://www.linkedin.com/in/rakesh-r-8b836a21b?utm_source=share&amp;utm_campaign=share_via&amp;utm_content=profile&amp;utm_medium=android_app,https://www.youtube.com/@arctrades-r8?si=vlXtOoXG13Ukq1Uk
Madurai,Tamil Nadu,IELTS ONLINE TRAINING,"16,B, VOC St, KK Nagar, Madurai, Tamil Nadu 625020",094422 44270,https://www.youtube.com/@globaltalks7113,4.6,19.0,Educational institution,shanmugapriyaeee@gmail.com,8880000000,,,,https://www.youtube.com/s/desktop/dc4e66d7/img/favicon.ico
Madurai,Tamil Nadu,Universe Trading Academy,"A20, AYYANAR COLONY 2ND STREET, opp. THEEKATHIR, OFFICE, Madurai, Tamil Nadu 625018",097862 78337,,5.0,3.0,Training center,,,,,,
Madurai,Tamil Nadu,Magizhchi Tech Academy,"No17, Vaithiyanadha Iyer Street, Shenoy Nagar, Madurai, Tamil Nadu 625020",079049 96609,https://www.magizhchi.academy/,4.9,264.0,Software Training Institute,,,,,,
Madurai,Tamil Nadu,KALVI INSTITUTE PRIVATE LIMITED - KK Nagar Madurai,"No.134, A.R.Hospital Road, K.K. Nagar, Madurai, Tamil Nadu 625020",095007 10004,https://kalvigroup.com/,4.4,193.0,Training center,helpdesk@kalvigroup.com,+919500710004,,,,
Madurai,Tamil Nadu,Mozhi School of Skills,"No.53, State bank staff first colony, Bypass Rd, Madurai, Tamil Nadu 625016",078670 16306,,4.8,752.0,Training center,,,,,,
Madurai,Tamil Nadu,Alice Blue,"130, Alagar Kovil Main Rd, opp. Chandran Mess, Tallakulam, Madurai, Tamil Nadu 625002",088070 12057,https://aliceblueonline.com/,4.8,995.0,Stock broker,compliance@aliceblueindia.com,9505314005,https://www.facebook.com/sharer/sharer.php?u=https%3A%2F%2Faliceblueonline.com%2Fmarket-mood-index%3Futm_source%3Daliceblue%26utm_medium%3Dwebsite%26utm_campaign%3DMarketing_tools_market_mood_index%26utm_content%3DAliceblue_homepage,https://www.instagram.com/alicebluehq/,https://www.linkedin.com/sharing/share-offsite/?url=https%3A%2F%2Faliceblueonline.com%2Fmarket-mood-index%3Futm_source%3Daliceblue%26utm_medium%3Dwebsite%26utm_campaign%3DMarketing_tools_market_mood_index%26utm_content%3DAliceblue_homepage,https://www.youtube.com/channel/UCrAM1_NV3j5_l8VoukiXv2g
Madurai,Tamil Nadu,Sash Institute,"Plot no. 7, 7A, Kakkan St, opposite to venkateshwara hospital, Shenoy Nagar, Madurai, Tamil Nadu 625020",098421 89848,https://www.sashinstitute.in/,5.0,1600.0,Coaching Center,,+919842189848,https://www.facebook.com/SashInstitute,,,
Madurai,Tamil Nadu,Mahalingam Money,"27/16, 3rd Cross Street, Bypass Rd, Extn, Durai Samy Nagar, Madurai, Tamil Nadu 625016",099442 15674,,5.0,466.0,Investment service,,,,,,
Madurai,Tamil Nadu,"Nifty Trading Academy - Share Market Training Institute in Surat, India","Rupali, Vasudev Arcade, 202/3/4, Vesu Canal Rd, nr. Raj Empire, Bhatar, Surat, Gujarat 395001",097247 95247,https://www.niftytradingacademy.com/,4.5,113.0,Online Share Trading Center,niftytradingacademy@ymail.com,6243298224,https://www.facebook.com/NiftyTradingAcademy,https://www.instagram.com/niftytradingacademy/,https://www.linkedin.com/company/nifty-trading-academy/,https://www.youtube.com/user/niftytradingacademy
Madurai,Tamil Nadu,Halo Design Academy | UI/UX & Graphic Design Course in Madurai with 100% Placement Assistance,"15, Bypass Rd, opp. to Madurai Heart Center, Madurai, Tamil Nadu 625010",088848 40039,http://www.halodesignacademy.com/,4.9,273.0,Training center,info@halodesignacademy.com,,https://www.facebook.com/halodesignacademy,https://www.instagram.com/halodesignacademy/,https://www.linkedin.com/company/halo-design-academy/,https://www.youtube.com/@halodesignacademy
Tiruchirappalli,Tamil Nadu,TRADE WITH ARUN'S TECHNICAL ( TWAT TRICHY ),"9/34-H DKV COMPLEX 3rd main road, 4th Main Rd, Renga Nagar, K K Nagar, K Sathanur, Tiruchirappalli, Tamil Nadu 620021",090437 21889,http://tradewitharuntechnical.graphy.com/,4.9,104.0,Stock broker,,+919043721889,,,,https://www.youtube.com/c/GraphyUniversity
Tiruchirappalli,Tamil Nadu,Chanakya stock market training institute,"SP Arcade, c/o Trichy Coworks, D-54, 9A Cross Rd, Thillai Nagar, Tiruchirappalli, Tamil Nadu 620018",099522 44655,https://chanakyastockmarkettraining.org/,5.0,12.0,Online Share Trading Center,sk@gmail.com,7189542483,https://www.facebook.com/,https://www.instagram.com/,,https://www.youtube.com/@chanakyastockmarkettrainin13
Tiruchirappalli,Tamil Nadu,Sharemarket training trichy,"11, 5th St, Arasu Colony, Edamalaipatti Pudur, Tamil Nadu 620012",093858 54144,,5.0,2.0,Training center,,,,,,
Tiruchirappalli,Tamil Nadu,"Stock Market Box - Classes,Demat and Trading","39, Perumal Kovil St, Woraiyur, Tiruchirappalli, Tamil Nadu 620003",022 6205 4606,https://www.stockmarketbox.com/,,,Stock broker,,,,,,
Tiruchirappalli,Tamil Nadu,Choice Trichy,"Third Floor Femina Shopping Mall, EVR Rd, K K Nagar, Tiruchirappalli, Tamil Nadu 620021",097900 68563,,5.0,4.0,Online Share Trading Center,,,,,,
Tiruchirappalli,Tamil Nadu,AUNIQUE SKILL ACADEMY,"KPS complex, Palakarai, varaganeri, Tiruchirappalli, Tamil Nadu 620008",093612 21453,,5.0,5.0,Coaching Center,,,,,,
Tiruchirappalli,Tamil Nadu,Alice Blue Trichy,"Address: 13 A 1st Floor, Aliceblue - Birds Road Contonment, Melapudur, Sangillyandapuram, Tiruchirappalli, Tamil Nadu 620001",07397 756 437,https://aliceblueonline.com/,4.9,30.0,Stock broker,compliance@aliceblueindia.com,9505314005,https://www.facebook.com/sharer/sharer.php?u=https%3A%2F%2Faliceblueonline.com%2Fmarket-mood-index%3Futm_source%3Daliceblue%26utm_medium%3Dwebsite%26utm_campaign%3DMarketing_tools_market_mood_index%26utm_content%3DAliceblue_homepage,https://www.instagram.com/alicebluehq/,https://www.linkedin.com/sharing/share-offsite/?url=https%3A%2F%2Faliceblueonline.com%2Fmarket-mood-index%3Futm_source%3Daliceblue%26utm_medium%3Dwebsite%26utm_campaign%3DMarketing_tools_market_mood_index%26utm_content%3DAliceblue_homepage,https://www.youtube.com/channel/UCrAM1_NV3j5_l8VoukiXv2g
Tiruchirappalli,Tamil Nadu,Pennant Traders,,063812 23602,https://www.finmansathish.in/,5.0,23.0,Education center,you@example.com,6324890391,https://www.facebook.com/,https://www.instagram.com/pennant_traders.sathish/,https://www.linkedin.com/in/sathish-kannan-907161236/,https://www.youtube.com/channel/UCTGmMKubNWcmtYgSJuOmuZg
Tiruchirappalli,Tamil Nadu,earn commodities,"RMFM PQ7, Tennur, Tiruchirappalli, Tamil Nadu 620018",084281 50150,,5.0,3.0,Online Share Trading Center,,,,,,
Tiruchirappalli,Tamil Nadu,TRADEGENIUZ CAPITAL PVT LTD / TRADING TRAINING ACADEMY,"1st Floor, Sameer towers, Hajiyar St, Anna Nagar, Kumbakonam, Tamil Nadu 612001",087547 61834,http://www.tradegeniuz.com/,4.9,761.0,Training center,support@tradegeniuz.com,6037193579,,https://www.instagram.com/tradegeniuscapitals/?hl=en,,https://www.youtube.com/channel/UCPC-Vq5-fqqnTZzpGiifP2Q
Tiruchirappalli,Tamil Nadu,FOREX TRADING & TRAIN INSTITUTE,"RMGX HHC, Chinna Kadai St, Devathanam, Tiruchirappalli, Tamil Nadu 620002",070102 26452,,5.0,1.0,,,,,,,
Tiruchirappalli,Tamil Nadu,Tamil Trading Spy,"NO.19, 3RD FLOOR, K. BUILDING, K.A, Municipal Office Rd, Tiruppur, Tamil Nadu 641604",095666 76349,http://www.tamiltradingspy.com/,5.0,35.0,Education center,,,,,,
Tiruchirappalli,Tamil Nadu,Angel Broking,"No. 75 E/3, Sri Krishna Enclave, Salai Rd, Thillai Nagar, Tiruchirappalli, Tamil Nadu 620018",098941 72125,,4.5,19.0,Stock broker,,,,,,
Tiruchirappalli,Tamil Nadu,Stock Focus Financial Services Private Ltd.,"D-18/40-1 (Opp Shiva scans 7th Cross East, Thillai Nagar Main Rd, Tiruchirappalli, Tamil Nadu 620018",0431 422 0625,https://www.stockfocusfin.com/,4.9,155.0,Financial planner,info@example.com,,,,,
Tiruchirappalli,Tamil Nadu,Career Mudhra,"No201, 2nd Floor, 7th Cross Rd E, Tennur, Tiruchirappalli, Tamil Nadu 620018",091766 82988,http://www.careermudhra.in/,4.9,42.0,Software Training Institute,,,,,,
Tiruchirappalli,Tamil Nadu,Mirae Asset Sharekhan - Authorised Partner,"No 95E, Chinna Chetty St, Tiruchirappalli, Tamil Nadu 620008",080 6995 5424,https://stockbroker-branch.sharekhan.com/mirae-asset-sharekhan-authorised-partner-manoj-kumar-d-stock-broker-chinnachetty-street-tiruchirappalli-9435/Home?utm_source=locator&utm_medium=googleplaces,4.3,18.0,Stock broker,d@bp.sharekhan.com,6141299337,,https://www.instagram.com/sharekhan/,,https://www.youtube.com/user/SHAREKHAN
Tiruchirappalli,Tamil Nadu,ThinkRich Trading Academy,"4HMQ XXP, musiri pirivu road, chithirapatti, Thuraiyur, Trichy, Tamil Nadu 621010",075025 77954,http://thinkrichtradingacademy.com/,5.0,4.0,Education center,,,,,,
Salem,Tamil Nadu,HS Trade School – Powered by HST Wealth,"4th Floor, RMR Fairlands, Door No.10, Site No.5, Park Road, Fairlands, Salem, Tamil Nadu 636016",088706 94567,https://hstradeschool.com/,4.9,605.0,Education center,your@email.com,6194444829,,,https://in.linkedin.com/in/hariselvan,
Salem,Tamil Nadu,KNOWLEDGE TRADING ACADEMY,"2nd Floor, Jagir, Ammapalayam Main Rd, near to Sona college, Salem, Tamil Nadu 636005",093449 63934,https://linktr.ee/KNOWLEDGE__TRADING__ACADEMY,4.8,91.0,Education center,,9147036205,https://www.facebook.com/share/17627572u7/,,,https://youtube.com/@knowledgetradingacademy?si=sxPSjLjKOgMpLgrh
Salem,Tamil Nadu,Zing Trading Academy,"No 379, 1st Floor, PTG Complex, Trichy Main Rd, near Rajasabari Theatre, Gugai, Salem (M.Corp.), Tamil Nadu 636006",091500 01636,http://www.zingtradingacademy.com/,5.0,31.0,Online Share Trading Center,you@example.com,+919150001636,,,,https://www.youtube.com/@rajcharts
Salem,Tamil Nadu,TRADE TAMILAN SHARE MARKET TRAINING ACADEMY,"Karmegam complex, Junction road, bypass, Thiruvakavundanur, Salem, Tamil Nadu 636005",087786 90602,https://instagram.com/trade_tamilan_?igshid=YmMyMTA2M2Y=,4.7,7.0,Education center,,,,,,
Salem,Tamil Nadu,Commodity School,"Second floor, 37/119, Advaitha Ashram Rd, Fairlands, Salem, Tamil Nadu 636016",090039 29900,https://www.commodityschool.in/,4.0,6.0,Online Share Trading Center,Vn88reisen@gmail.com,7825758947,,,,
Salem,Tamil Nadu,LeTechs,"46, Kamatchi Nagar, Chinna Thirupathi, Tamil Nadu 636008",096267 11222,http://www.letechs.com/,5.0,56.0,Online Share Trading Center,support@letechs.com,9715445699,https://www.facebook.com/LeTechsLtd/,https://www.instagram.com/mani_letechs/,,https://www.youtube.com/letechs
Salem,Tamil Nadu,The Invest Guru,"Vasantham super market upstairs, sakthi complex, 70, Cherry Rd, near Bharathi super market, Hasthampatti, Salem (M.Corp.), Tamil Nadu 636007",086819 87764,http://theinvestguru.in/,4.9,33.0,Online Share Trading Center,,,,,,
Salem,Tamil Nadu,SHARE MARKET ZEBU SHARES,"No 30 A, Base Floor, Junction Main Rd, Mullai Nagar, Suramangalam, Salem, Tamil Nadu 636005",096151 51961,http://www.zebuetrade.com/,4.5,17.0,Stock broker,,,,,,
Salem,Tamil Nadu,"NAVIIN, Akshaya stocks & shares, mutual funds, currency exchange, money transfer","FIRST FLOOR, 1/31-A, Anna Salai, Swarnapuri, Salem, Tamil Nadu 636004",098427 44955,,5.0,25.0,Online Share Trading Center,,,,,,
Salem,Tamil Nadu,Goodwill Wealth Management Pvt Ltd (KOVAI-SALEM),"1st Floor, No 4/250, Sarada College Rd, opposite to Indian medical association hall, Salem, Tamil Nadu 636016",044 6900 9757,https://www.gwcindia.in/branch-stock-broker-Salem-Saradha-College-Main-Road,4.7,92.0,Stock broker,tnslmgmb@gwcindia.in,+91 8012278000,https://www.facebook.com/gwcindia,https://www.instagram.com/goodwill_wealth_management/,https://www.linkedin.com/company/goodwill-wealth-management/,https://www.youtube.com/c/GoodWillwealthmanagementpvtltd
Salem,Tamil Nadu,NXTGEN TRADING ACADEMY,,095008 22841,https://nxtgentradingacademy.com/,5.0,3.0,Corporate office,,,,,,
Salem,Tamil Nadu,Goodwill Wealth Management Pvt Ltd (Salem),"3 rd Floor, kalliapillai Thoppu, Door No 2 to 8, MNJ Complex, SKS Hospital Rd, opp. Ponnusamy kalyanamandapam, Salem, Tamil Nadu 636004",044 6900 9743,https://www.gwcindia.in/branch-stock-broker-Salem-Kalliapillai-Thoppu,5.0,41.0,Stock broker,salemgmb@gwcindia.in,+91 8012278000,https://www.facebook.com/gwcindia,https://www.instagram.com/goodwill_wealth_management/,https://www.linkedin.com/company/goodwill-wealth-management/,https://www.youtube.com/c/GoodWillwealthmanagementpvtltd
Salem,Tamil Nadu,ELITE TRADING ACADEMY,,085938 57925,https://elitetradingacademy.in/,5.0,1.0,Educational institution,,,,,,
Salem,Tamil Nadu,Sky Commodities India Pvt Ltd,"37/119 MR Complex 1st Floor, Advaitha Ashram Rd, Fairlands, Salem, Tamil Nadu 636016",0427 404 1684,,3.8,4.0,Online Share Trading Center,,,,,,
Salem,Tamil Nadu,Choice Equity Broking Pvt. Ltd - Salem,"2nd Floor, Divya Towers, Fort Main Rd, Shevapet, Salem (M.Corp.), Tamil Nadu 636002",098946 07868,https://choiceindia.com/contact-us/tamil-nadu/salem/choice-broking-stock-broker-shevapet-636001?utm_source=demat_lead_generation&utm_medium=gmb_salem_shevapet&utm_campaign=GMB,4.7,9.0,Stock broker,grievance@choiceinsurance.in,7418599132,https://www.facebook.com/1367598375560946/posts/1413816294272487,https://instagram.com/choicehq_social,https://in.linkedin.com/company/choice-hq,https://www.youtube.com/c/ChoiceHQ
Salem,Tamil Nadu,Livewire,"Mullvadygate bus stop, 272-c, Cherry Rd, near to SKB book shop, Mullvadygate, Salem, Tamil Nadu 636001",098427 45854,http://www.livewireindia.com/,4.5,648.0,Software Training Institute,,+919884385024,https://www.facebook.com/LivewireEducation/,https://www.instagram.com/livewire_training_institute/,https://www.linkedin.com/company/livewire-india,https://www.youtube.com/watch?v=xKdnkWPhfH8&amp;list=PLFB7wm5yhgEQXHtLDrLlpE63o_AsAnFDr&amp;index=10
Salem,Tamil Nadu,VR SOFT TECH,"66/1,2nd Floor, Indra Nagar, Bangalore Bye Pass Rd, opp. Sri Gokulam Speciality Hospital, Salem, Tamil Nadu 636004",087787 31770,https://www.vrsofttech.in/,5.0,205.0,Software Training Institute,contact@gmail.com,9951414546,https://www.facebook.com/vrsofttech.official/,https://www.instagram.com/vr_soft_tech/,https://in.linkedin.com/company/vr-soft-tech,https://www.youtube.com/channel/UCSasZrK9mh-AjjslrC_N0aA
Salem,Tamil Nadu,AXN Infotech Pvt Ltd,"125/1, 1st floor, Shree Sai Complex, Omalur Main Rd, near Anna Park, Salem (M.Corp.), Tamil Nadu 636007",097876 33633,http://www.axninfotech.in/,4.9,1100.0,Software company,info@axninfotech.com,7496969728,https://www.facebook.com/axninfotech/,https://www.instagram.com/axninfotechofficial,https://www.linkedin.com/company/axninfotech/,https://www.youtube.com/@axninfotech
Salem,Tamil Nadu,ALBN SECURITIES PRIVATE LIMITED,"6th Cross, Kasakaranur Main Rd, Salem, Tamil Nadu 636005",099445 11786,https://www.albnsecurities.com/,,,Training center,,,,,,
Salem,Tamil Nadu,IIFL Capital Services Ltd.,"No 4/2B, 1st Floor Saradha college main, road, above Woodland Showroom, Alagapuram Periyaputhur, Salem, Tamil Nadu 636016",0427 455 4105,https://locate-us.iiflcapital.com/iifl-capital-services-ltd-salem-alagapuram-financial-institutions-alagapuram-salem-436994/Home,2.9,8.0,Stock broker,gunasekaran@iifl.com,7229454497,https://www.facebook.com/112722945449757_1245469574418363,https://www.instagram.com/iiflcapital/,https://www.linkedin.com/company/iiflcapital/,https://www.youtube.com/channel/UCCn29FCXjU88N4B3Kq3kR4w
Salem,Tamil Nadu,Angel One Ltd. - M K Saranya,"1st Floor, 202, Main Road, near Holy Angels School, Alagapuram Periyaputhur, Salem, Tamil Nadu 636016",079 4749 5171,https://stockbroker.angelone.in/angel-one-ltd-m-k-saranya-stock-broker-alagapuram-periyaputhur-salem-460095/Home?utm_source=locator&utm_medium=googleplaces,,,Stock broker,saranyamk91@gmail.com,7111022354,https://www.facebook.com/711102235420660,,,
Tirunelveli,Tamil Nadu,Share Certificate - Demat Conversion,"opp. to Alagar Jewellers, Murugankurichi, Palayamkottai, Tirunelveli, Tamil Nadu 627002",082200 69515,,4.8,134.0,Stock broker,,,,,,
Tirunelveli,Tamil Nadu,Angel One Ltd. - Sky High Finvest,"No 69, Balaji Avenue, 4th Cross St, near Ram Muthuram Cinema, Thachanallur, Tirunelveli, Tamil Nadu 627358",080 3746 9924,https://stockbroker.angelone.in/angel-one-ltd-sky-high-finvest-stock-broker-thachanallur-tirunelveli-371398/Home?utm_source=locator&utm_medium=googleplaces,5.0,43.0,Stock broker,akhilashivan1991@gmail.com,7111022354,https://www.facebook.com/711102235420660,,,
Tirunelveli,Tamil Nadu,Angel One Ltd. - K Esai Anantham,"1st Floor, Mani Complex, D No 122A/2/1, Trivandrum Rd, opposite to Voc Children's Park, Palayamkottai, Tirunelveli, Tamil Nadu 627002",080 3760 3671,https://stockbroker.angelone.in/angel-one-ltd-k-esai-anantham-stock-broker-palayamkottai-tirunelveli-372124/Home?utm_source=locator&utm_medium=googleplaces,4.8,177.0,Stock broker,ganeashsiva98@gmail.com,7111022354,https://www.facebook.com/711102235420660,,,
Tirunelveli,Tamil Nadu,Dhatchan Academy,"Shah complex, S5/ #43, Trivandrum Rd, Palayamkottai, Tamil Nadu 627002",093458 15366,http://dhatchan.com/,4.9,1100.0,Software Training Institute,,7300936750,https://www.facebook.com/dhatchanacademy/,https://www.instagram.com/dhatchan_academy/,https://in.linkedin.com/company/dhatchan-academy,
Tirunelveli,Tamil Nadu,Goodwill Commodities,"24 B/3-6 First floor Udhuman complex, Swami Nellaiappar High Rd, near Central theater, Tirunelveli, Tamil Nadu 627011",080125 77742,http://www.gwcindia.in/,5.0,3.0,Online Share Trading Center,noreply@gwcindia.com,+91 8012278000,https://www.facebook.com/gwcindia,https://www.instagram.com/goodwill_wealth_management/,https://www.linkedin.com/company/goodwill-wealth-management/,https://www.youtube.com/c/GoodWillwealthmanagementpvtltd
Tirunelveli,Tamil Nadu,Spice Institute Authorized Tally Training Centre,"263A, Tiruchendur Main Rd, Murugankurichi, Tirunelveli, Tamil Nadu 627002",098947 33401,https://www.instagram.com/spicecnc_tirunelveli,4.9,1200.0,Software Training Institute,,,,,,
Tirunelveli,Tamil Nadu,Angel One Ltd. - Antony,"First floor, 158/1, Kurichi Road, near Indian oil petrol bunk, Melapalayam, Tirunelveli, Tamil Nadu 627005",080 3746 9919,https://stockbroker.angelone.in/angel-one-ltd-antony-stock-broker-melapalayam-tirunelveli-371322/Home?utm_source=locator&utm_medium=googleplaces,5.0,299.0,Stock broker,ganeashsiva98@gmail.com,7111022354,https://www.facebook.com/711102235420660,,,
Tirunelveli,Tamil Nadu,Eddytech Technologies,"Rajarajeshwari nagar, Tirunelveli, Tamil Nadu 627007",075502 85311,http://www.eddytech.in/,4.9,77.0,Training center,,,,,,
Tirunelveli,Tamil Nadu,Goodwill Wealth Management Pvt Ltd (S N High Road),"No :24b/3-6, First Floor, Udhuman Complex, Swami Nellaiappar High Rd, near Central Theatre, Tirunelveli, Tamil Nadu 627001",089396 67999,https://gwcindia.in/,5.0,5.0,Stock broker,noreply@gwcindia.com,+91 8012278000,https://www.facebook.com/gwcindia,https://www.instagram.com/goodwill_wealth_management/,https://www.linkedin.com/company/goodwill-wealth-management/,https://www.youtube.com/c/GoodWillwealthmanagementpvtltd
Tirunelveli,Tamil Nadu,"Francis Xavier Engineering College, Tirunelveli","103/G2, Bypass Road, Vannarpettai, Tirunelveli, Tamil Nadu 627003",099429 78482,http://www.francisxavier.ac.in/,4.2,799.0,Educational institution,principal@francisxavier.ac.in,8948529780,https://www.facebook.com/fxengg/,https://www.instagram.com/fx_ec,https://www.linkedin.com/school/fxengg,https://www.youtube.com/watch?v=NPGNY9tpUFs
Tirunelveli,Tamil Nadu,NELLAI CAPITAL MARKET SERVICES,"PPP6 677, Balabagya Nagar South, Tirunelveli Junction, Tirunelveli, Tamil Nadu 627001",0462 233 3383,,4.0,7.0,Stock broker,,,,,,
Tirunelveli,Tamil Nadu,SRI Ramdev Trading,"16th Cross St, VOC St, Thirunagar, Tirunelveli Junction, Tirunelveli, Tamil Nadu 627006",099523 20756,,,,Training center,,,,,,
Erode,Tamil Nadu,Skandha Trading Consultancy,"23, Pavalam St, Municipal Colony, Erode, Tamil Nadu 638004",099444 61324,https://skandhatrade.com/,4.7,283.0,Training center,info@skandhatrade.com,6406933423,https://facebook.com/skandha.consultancy.9,https://www.instagram.com/p/CG6m8thDdlB/?igshid=utuyyphkus2d,,https://www.youtube.com/c/SkandhaTradingConsultancy
Erode,Tamil Nadu,KNOWLEDGE TRADING ACADEMY ERODE,"2nd Floor, Amman Complex, 159, Mettur Rd, Erode, Tamil Nadu 638004",095662 90538,https://linktr.ee/KNOWLEDGE__TRADING__ACADEMY,4.7,3.0,Online Share Trading Center,,9147036205,https://www.facebook.com/share/17627572u7/,,,https://youtube.com/@knowledgetradingacademy?si=sxPSjLjKOgMpLgrh
Erode,Tamil Nadu,Mirae Asset Sharekhan - Branch Perundurai Road,"45, Perundurai Rd, above Karur Vysya Bank, Erode, Tamil Nadu 638011",080 6270 9512,https://stockbroker-branch.sharekhan.com/mirae-asset-sharekhan-branch-perundurai-road-erode-branch-stock-broker-perundurai-road-erode-12519/Home,4.5,50.0,Stock broker,krishnan@bp.sharekhan.com,+918062709512,,https://www.instagram.com/sharekhan/,,https://www.youtube.com/user/SHAREKHAN
Erode,Tamil Nadu,Goodwill Wealth Management Pvt. Ltd. Erode,"2nd Floor, C Akshaya Complex, Door no.( 66, Mettur Rd, opp. to Bus Stand Complex, near Krishna Sweets, Erode, Tamil Nadu 638003",044 6900 9719,https://www.gwcindia.in/branch-stock-broker-Erode-Chinthamani,4.9,278.0,Stock broker,erodegmb@gwcindia.in,+91 8012278000,https://www.facebook.com/gwcindia,https://www.instagram.com/goodwill_wealth_management/,https://www.linkedin.com/company/goodwill-wealth-management/,https://www.youtube.com/c/GoodWillwealthmanagementpvtltd
Erode,Tamil Nadu,Jah Trade link,"27/2, Sengodampalayam Rd, Maruthi Nagar, Thindal, Erode, Tamil Nadu 638012",070104 80003,https://www.jahtradelink.com/,5.0,49.0,Online Share Trading Center,,,,,,
Erode,Tamil Nadu,Goodwill Wealth Management Pvt Ltd (KOVAI ERODE),"First Floor, 340/1, Brough Rd, near BSNL Office, Erode, Tamil Nadu 638001",044 6900 9753,https://www.gwcindia.in/branch-stock-broker-Erode-Brough-Road,4.9,28.0,Stock broker,kovaigmb@gwcindia.in,+91 8012278000,https://www.facebook.com/gwcindia,https://www.instagram.com/goodwill_wealth_management/,https://www.linkedin.com/company/goodwill-wealth-management/,https://www.youtube.com/c/GoodWillwealthmanagementpvtltd
Erode,Tamil Nadu,VISTA ACADEMY - ERODE (Best TNPSC - RRB - SSC - BANKING - INSURANCE - TNEB AE - POLICE (ONLINE/OFFLINE) COACHING CENTRE),"Radha Sports Upstairs, No.42 A,3rd floor,GS Towers, Sathy Rd, near Busstand, Erode, Tamil Nadu 638003",079049 53066,https://www.vistaacademy.in/,4.8,413.0,Banking entrance coaching centre,slm@gmail.com,+91 7904953066,https://facebook.com/VISTAACADEMY2012,https://www.instagram.com/vista_academy_tnpsc_ssc_2012?igsh=MXZkMHJuZnB6MmV5dQ==,,https://youtube.com/@vistaacademy_since2012?si=4lPqowNdU_BBoVxL
Erode,Tamil Nadu,Nova Trading Academy,"2/181-2, Kalapparakkadu, Kondarasampalayam post Paramathi velur, Tamil Nadu 637203",094874 46636,,4.9,7.0,Back Office,,,,,,
Tiruppur,Tamil Nadu,"Stock Market Box - Classes,Demat and Trading","NM Apartments, 185, MAIN ROAD, Kannipiran Colony, Valipalayam, Tiruppur, Tamil Nadu 641601",062064 63187,https://www.stockmarketbox.com/,,,Stock broker,,,,,,
Tiruppur,Tamil Nadu,Zerodha Authorised Person - Tirupur,"38, Ennaar Towers, 1st Floor Binny Compound 2nd street, Kumaran Rd, Tiruppur, Tamil Nadu 641601",095979 84020,https://zerodha.com/open-account?c=ZMPCDF&utm_source=google_maps&utm_me%20dium=listing&utm_campaign=affiliate_tracking,4.9,1000.0,Stock broker,,9999999999,https://facebook.com/zerodha.social,https://instagram.com/zerodhaonline/,https://linkedin.com/company/zerodha,https://www.youtube.com/@zerodhaonline
Tiruppur,Tamil Nadu,TRADE NOW (Share market class),"Cutcherry 31, Cutchery Road, opp. indian bank, Tirupathur, Tamil Nadu 635601",099941 29117,,4.8,63.0,Education center,,,,,,
Tiruppur,Tamil Nadu,Gopocket - Tiruppur,"NO 22/2, BINNY COMPOUND MAIN STREET, Kumaran Rd, Tiruppur, Tamil Nadu 641601",096262 81424,https://www.gopocket.in/,4.8,31.0,Stock broker,hello@gopocket.in,8618929543,https://www.facebook.com/Gopocketoffical/,https://www.instagram.com/gopocket_official/,,https://www.youtube.com/playlist?list=PLrYyePLIggbAruYyabCqaGG7vQHG2gzoq
Tiruppur,Tamil Nadu,Free Stock Market training & Wealth Management By Excelsior,"2nd floor, 275/B, 28th Main Rd, Jayanagara 9th Block, Jayanagar, Bengaluru, Karnataka 560041",063643 27653,http://tradexcelsior.com/,4.9,1000.0,Education center,tradexcelsior@gmail.com,6000000000,,,,
Tiruppur,Tamil Nadu,SUBA'S SKILLS ACADEMY,"3rd Floor, 352/396,3rd floor,AVINASHI ROAD,NEAR PUSHPA BUS STOP,TIRUPUR Muthu Kavitha Sweets upstair, Tiruppur, Tamil Nadu 641602",095009 57080,,4.9,126.0,Training center,,,,,,
Tiruppur,Tamil Nadu,TIDI ACADEMY Rajajinagar | Stock market training | stock market coaching | share market training,"Bldg 2nd Floor, Aruna Silks, Jinka Avenue, 713, Modi Hospital Rd, West of Chord Road, Rajajinagar, Bengaluru, Karnataka 560086",099000 72521,https://tidiacademy.in/,4.7,5400.0,Training center,,,,,,
Mumbai,Maharashtra,THE STOCK MARKET ACADEMY,"Mahatma Gandhi Rd, Ghatkopar West, Mumbai, Maharashtra 400086",092244 42524,,4.9,170.0,Coaching Center,,,,,,
Mumbai,Maharashtra,"National Stock Trading Institute- Stock market classes In Mulund West, Mumbai","Shop No 12 1st floor, Kapeesh Mall, MG Road, Mulund West, Mumbai, Maharashtra 400080",096194 26626,https://tradewithnsti.com/,4.9,213.0,Educational institution,info@tradewithnsti.com,,https://www.facebook.com/nsti.india/,,,https://www.youtube.com/@tradewithnsti
Mumbai,Maharashtra,Tips2trades-Share market Training and Technical analysis course,"Office No. 03, B wing Ground Floor New Samadhan Building Near Dadar Railway Station Kasaravadi, Senapati Bapat Marg, Dadar West, Mumbai, Maharashtra 400028",097698 70994,https://tips2trade.co.in/,4.8,623.0,Training center,tips2trade4u@gmail.com,+919769870994,https://www.facebook.com/share/16bVU27MnN/,https://www.instagram.com/abu1383?igsh=emNmYTJwcjNmaDA2,https://www.linkedin.com/in/tips2trades-share-market-classes-81209715b?utm_source=share&#038;utm_campaign=share_via&#038;utm_content=profile&#038;utm_medium=android_app,https://www.youtube.com/@thetips2trade?si=F4MrjRjwACbiqkA5
Mumbai,Maharashtra,Booming Bulls Hybrid Center Mumbai - Stock Market Academy | Share Market Institute,"Office No. 601, 27 MIDC Commercial Premises Co-op Soc. Ltd, 17th Road, M.I.D.C, Kondivita, Andheri East, Mumbai, Maharashtra 400093",082610 99753,https://boomingbulls.com/hybrid-center-mumbai/,4.8,165.0,Educational institution,,,,,,
Mumbai,Maharashtra,Tradin4Living Academy - Share Market Classes in Mumbai,"First Floor, King Krest Building, Bhavani Shankar Rd, next to Bata shop, opp. LawMan Jeans Showroom, Mumbai, Maharashtra 400028",097697 75512,https://www.trading4living.co.in/,4.8,119.0,Educational institution,info@trading4living.co.in,+91-9769775512,,,,
Mumbai,Maharashtra,Stock Market Academy ( Online Class Available),"Sienna Tower, near THAKUR COLLEGE OF ENGINEERING AND TECHNOLOGY, Samata Nagar, Thakur Village, Kandivali East, Mumbai, Maharashtra 400101",098334 76138,,5.0,53.0,Financial consultant,,,,,,
Mumbai,Maharashtra,ShareTrade Academy,"Office Number 502 Shukra Building, diamond market, Daftary Road, Primal Nagar,, Malad East, Mumbai, Maharashtra 400097",088285 97226,http://www.sharetradeacademy.in/,4.8,360.0,Educational institution,,,,,,
Mumbai,Maharashtra,Mudrank Trading Institute | Stock Market Courses In Mumbai,"Office no. 9/10, Aarey Rd, Goregaon West, Mumbai, Maharashtra 400104",084848 78961,https://mudranktradinginstitute.com/,4.6,84.0,Educational institution,mudranktradingacademy@gmail.com,9174984882,https://www.facebook.com/maneakky/,https://www.instagram.com/mudrank.trading.institute/,https://www.linkedin.com/company/mudrank-private-limited,https://www.youtube.com/@MudrankTradingInstitute
Mumbai,Maharashtra,"THE CAPITAL SAFAR - STOCK MARKET INSTITUTE BORIVALI, MUMBAI","Shop No.107, 1st Floor, Ajanta Square Mall, Market Lane, Borivali West, Mumbai, Maharashtra 400092",070396 01637,https://edustan.page.link/9xWn,5.0,42.0,Education center,psupdates@classplus.co,6666666667,,,,
Mumbai,Maharashtra,SHARE TRADING LAB-Share Market Institute in Mumbai Stock Market Classes | Share Market Classes,"Herambh Co Op Hsg Society, 406, Mahatma Phule Rd, Mulund East, Mumbai, Maharashtra 400081",098213 38331,https://sharetradinglab.com/,4.9,111.0,Stock broker,,6119000244,,,,
Mumbai,Maharashtra,Share Market Training Institute - CMIL Pvt Ltd,"Office 807 Gold crest Business centre, LT Rd, opposite to Manubhai Jewellers, above Westside, Borivali West, Mumbai, Maharashtra 400092",093729 05889,https://www.cmilonline.com/,4.9,181.0,Online Share Trading Center,webmaster@cmilonline.com,,,,,
Mumbai,Maharashtra,Booming Bulls Hybrid Center Pune - Stock Market Academy | Share Market Institute,,093265 94467,,4.7,216.0,Educational institution,,,,,,
Mumbai,Maharashtra,𝐒𝐌 𝐒𝐓𝐎𝐂𝐊 𝐌𝐀𝐑𝐊𝐄𝐓 𝐀𝐂𝐀𝐃𝐄𝐌𝐘 𝐥 𝐓𝐎𝐏 𝐒𝐇𝐀𝐑𝐄 𝐌𝐀𝐑𝐊𝐄𝐓 𝐂𝐋𝐀𝐒𝐒𝐄𝐒 𝐈𝐍 𝐓𝐇𝐀𝐍𝐄,"Office no. 1 Ground Floor, Ekveera Niwas, opp. Varad Hospital, near Uthalsar Naka, Thane West, Thane, Maharashtra 400601",095949 67763,http://www.sm-academy.in/,5.0,80.0,Online Share Trading Center,,8039215686,https://www.facebook.com/profile.php?id=61584637708895,https://www.instagram.com/,,https://www.youtube.com/@sm-academy-in
Mumbai,Maharashtra,Fortunity Academy | Stock Market | Share Market Classes Dadar,"Flat No.102, First Floor, Co Operative Society Ltd, A Wing, Senapati Bapat Marg, near Dadar Railway Station, Dadar West, Mumbai, Maharashtra 400028",084528 70587,http://fortunityacademy.com/,5.0,122.0,Educational institution,fortunityacademy@gmail.com,6291169110,https://facebook.com,,,
Mumbai,Maharashtra,Trading Campus,"Raghuleela Mall, 3/1, Kandivali West, Mumbai, Maharashtra 400067",098699 34643,,4.8,237.0,Education center,,,,,,
Mumbai,Maharashtra,Market Mantraa share market Classes In Thane & navi mumbai (7208889242),"Office No, 2nd Floor, Patel Apartment, opposite McDonald's, near Gaondevi Mandir, Dada Patil Wadi, Naupada, Thane West, Thane, Mumbai, Maharashtra 400604",091378 28219,https://www.marketmantraa.in/,4.9,265.0,Educational institution,,7352752126,,,,
Mumbai,Maharashtra,Derivative Trading Academy,"A-005, Borivali East, Mumbai, Maharashtra 400066",097699 43216,http://www.derivativetradingacademy.com/,4.6,886.0,Financial institution,info@derivativetradingacademy.com,8824641720,https://www.facebook.com/DerivativeTradingAcademy/,https://www.instagram.com/derivativetradingacademy/,https://in.linkedin.com/company/derivatives-trading-academy,https://www.youtube.com/derivativetradingacademy
Mumbai,Maharashtra,NIFM Dadar Branch,"Gold Cinema, Office No. 104, 1st Floor, Kumar Fun N Shop, Old, Dr Babasaheb Ambedkar Rd, Hindmata, Dadar East, Mumbai, Maharashtra 400014",099103 00590,http://www.nifm.in/,4.8,245.0,Coaching Center,vashi@nifm.in,9022595581,https://www.facebook.com/NifmEducationalInstitutionsLtd?ref=hl,https://www.instagram.com/nifmacademy/,,https://www.youtube.com/channel/UCGEZbFD3rupWYIcfm-bshmA
Mumbai,Maharashtra,RK Stock Market Training Institute,"HDFC BANK CINEMA STAR, High Street Mall, GB-46, Kapurbawdi, Thane West, Thane, Maharashtra 400607",077382 86027,http://www.rksti.com/,5.0,43.0,Education center,support@rksti.com,9803921568,,,,
Mumbai,Maharashtra,Stock Venture – Best Stock Market Institute in India for Beginners & Advanced Traders | Live Trading | Learn Option Trading,"20th Rd, Plot Number D, MIDC Central Rd, Andheri East, Mumbai, Maharashtra 400093",097953 33516,https://stockventure.in/,4.8,804.0,Educational institution,,,,,,
Mumbai,Maharashtra,SMTI - Stock Market Training Institute in Mumbai,"Ground Floor, Eaze Zone Mall, 2112, near Goregaon, MTNL, Malad West, Mumbai, Maharashtra 400064",099888 13993,https://www.smtiindia.com/smti-mumbai,5.0,51.0,Training center,support@smtiindia.com,6858386869,https://www.facebook.com/profile.php?id=61572188787192,https://www.instagram.com/smti_india/,https://www.linkedin.com/company/smtizirakpur/,https://www.youtube.com/@smtiin
Mumbai,Maharashtra,Upsides Stock Market Training Institute | Share Market Training in Mumbai,"4,Floor ground, plot -170, Empress mahal Dr Babasaheb Ambedkar road, Tilak Rd, Dadar East, Mumbai, Maharashtra 400014",099304 40999,https://www.upsides.in/,5.0,108.0,Training center,upside991@gmail.com,6650448984,https://www.facebook.com/upside01/,https://www.instagram.com/upside_01?igsh=OG5mdWZ5cjZiaW4w,,https://youtube.com/@upsidethink?si=FU4bWZC0N8r__qvd
Mumbai,Maharashtra,Tradingstyle,"G-100, Ground Floor, Express Zone, G-98, B-wing, Western Express Hwy, Malad East, Mumbai, Maharashtra 400063",096196 22158,http://tradingstyle.in/,5.0,733.0,Training center,,6800000017,,,,
Mumbai,Maharashtra,Expert's Trading Institute,"Office No. 104, 1st Floor, New krishna building, Chhatrapati, Chatrapati Shivaji Maharaj Chowk, Kalyan West, Maharashtra 421301",098332 21300,https://expertstradinginstitute.com/,4.8,907.0,Education center,experttradinginstitute@gmail.com,7647058824,https://www.facebook.com/ExpertsTradingInstitute/,https://instagram.com/expertstradinginstitute_,https://in.linkedin.com/company/expert-s-trading-institute-s?trk=similar-pages,https://www.youtube.com/channel/UCeCJzx3SsoI5j2iXEji01PA
Mumbai,Maharashtra,Trading Secrets,"Off. No. 5, Hi Life Mall, next to Santa Cruz Station Road, Santacruz (West), Mumbai, Maharashtra 400054",097692 38688,https://www.tradingsecrets.net.in/,4.9,147.0,Investment service,,,,,,
Mumbai,Maharashtra,THE D&S TRAINING CIRCUIT ( STOCK MARKET CLASSES ),"Shri Sunder Kamla Nagar CHS Ltd, NEAR, Bhaudaji Rd, Vazira Koliwada, Sion West, Sion, Mumbai, Maharashtra 400019",097690 80575,,5.0,147.0,Stock broker,,,,,,
Mumbai,Maharashtra,MONEY MAKING TRADING COURSE,"B Wing, Tstock mantra Investment, RUPA SOLITAIRE, Office No.504, 5th Floor, Millenium Business Park, Sector 2, Ghansoli, Navi Mumbai, Maharashtra 400710",091526 15121,https://tusharghone.com/,4.8,2300.0,Training center,,,,,,
Mumbai,Maharashtra,Sankalp Eduventure,"metro, CRYSTAL PLAZA link Road Lower, Oshiwara, Andheri West, Mumbai, Maharashtra 400053",098201 59396,http://www.sankalpeduventure.com/,4.8,651.0,Educational institution,paresh@sankalpeduventure.com,9199202422,https://www.facebook.com/sankalpeduventture,https://www.instagram.com/sankalpeduventture/,https://www.linkedin.com/in/paresh-desai-84ab8936/,https://www.youtube.com/c/PareshDesai7
Mumbai,Maharashtra,MJ Education - Stock Market Trading Institute,"Shop No.3, Nityanand Bhuvan, Jawaharbhai Plot, Ramchandra B Kadam Marg, near Ram Mandir, Bhatwadi, Ghatkopar (w, Mumbai, Maharashtra 400084",098671 54248,http://mjeducation.mjfinsol.in/,5.0,13.0,Training center,7@gmail.com,+91 9867818521,https://www.facebook.com/mjeducationn,https://www.instagram.com/mjeducation_,,https://www.youtube.com/@mjeducation_
Mumbai,Maharashtra,"Share Market classes in Dadar ""Trade 2 Win""","Shop no.10, Ltd, SHIVSHAKTI CHS, D- Wing, Kashinath Dhuru Marg, Aagar Bazar, Dadar West, Mumbai, Maharashtra 400028",077388 20429,,5.0,105.0,Consultant,,,,,,
Mumbai,Maharashtra,Sanika Stock Market Training Center (Share Market Courses),"B-5, Sai-Shradha Society, Plot no.563, RSC Rd Number 51, Sector 5 Charkop, Kandivali West, Mumbai, Maharashtra 400067",098676 27235,https://sanikastock.odoo.com/,4.9,77.0,Educational institution,,,,,,
Mumbai,Maharashtra,Share Market Training & Technical Analysis Course in MUMBAI | Ashish Stock Trading | Best stock market course in Mumbai,"balumama mandir, above U2CAKE SHOP, opp. vanmali jewellers Land mark Cristal arms building, Chembur East, Mumbai, Maharashtra 400071",084688 55884,https://ashishstocktradinginstitute.com/,4.8,53.0,Online Share Trading Center,,7775160605,,,,
Andheri Mumbai,Maharashtra,Asmita Patel Global School of Trading,,088288 80095,http://www.asmitapatel.com/,4.7,14000.0,Educational institution,,7451380786,,,,
Andheri Mumbai,Maharashtra,Tips2trades Centre-2-Share Market classes in Andheri|Stock Market Classes|Stock trading Courses|Trading class near me Mumbai,"Room no. 121, Pearl Plaza, next to McDonalds, opposite Andheri West, Mumbai, Maharashtra 400058",091360 07425,https://tips2trade.co.in/contact-us,5.0,71.0,Education center,tips2trade4u@gmail.com,+919769870994,https://www.facebook.com/share/16bVU27MnN/,https://www.instagram.com/abu1383?igsh=emNmYTJwcjNmaDA2,https://www.linkedin.com/in/tips2trades-share-market-classes-81209715b?utm_source=share&#038;utm_campaign=share_via&#038;utm_content=profile&#038;utm_medium=android_app,https://www.youtube.com/@thetips2trade?si=F4MrjRjwACbiqkA5
Andheri Mumbai,Maharashtra,Yuva Trading Academy,"Gala No. 25, Shiv Koliwada Market Building, Mumbai, Maharashtra 400022",082860 69246,https://yuvatradingacademy.com/,5.0,136.0,Training center,yuvatradingacademy@gmail.com,6753530819,https://www.facebook.com/people/Yuvatradingacademy/61566397770180/,https://www.instagram.com/yuvatradingacademy/#,,https://www.youtube.com/@Yuvatradingacedemy
Andheri Mumbai,Maharashtra,B.K.Training - Share Market Training,"Accord Classic, above Anupam Stationery, near Goregaon Station, Peru Baug, Jay Prakash Nagar, Goregaon East, Mumbai, Maharashtra 400063",098928 59854,https://thebktraining.com/,4.9,59.0,Training center,,,,,,
Andheri Mumbai,Maharashtra,INDIAN OPTION TRADING ACADEMY,"OFFICE.NO-5 GROUND FLOOR, KUNAL-2, PLOT NO.206 / 207, NERUL (E, Sector 21, Navi Mumbai, Maharashtra 400706",084548 40003,https://indianoptiontradingacademy.com/,5.0,42.0,Training center,iota@gmail.com,+91-9137486046,https://www.facebook.com/Indian-Option-Trading-Academy-729273414110375/,https://www.instagram.com/iota.official/,,https://www.youtube.com/channel/UCjDNQo4cwNh9jkQFszd9Z8A
Andheri Mumbai,Maharashtra,Smart Bull Share Market Classes,"Shop No. 3 first floor, Yaxini Niketan, Azad Rd, next to Pallavi Hotel, opposite BMC Officel, Andheri East, Mumbai, Maharashtra 400069",070396 52677,https://www.smaartbull.com/,5.0,45.0,Educational institution,info@smartbull.com,8666104496,,,,
Andheri Mumbai,Maharashtra,The School of Dalal Street,"1/A, Dadabhai Rd, Vile Parle West, Mumbai, Maharashtra 400056",098190 11909,https://learntradinglive.in/,5.0,257.0,Educational institution,ed436f5053144538958ad06a5005e99a@sentry.wixpress.com,7200000000,,https://instagram.com/realsiddharthshirodkar,https://www.linkedin.com/in/siddharthshirodkar/,https://youtube.com/@theschoolofdalalstreet
Borivali Mumbai,Maharashtra,Trade4Wealth Trading Academy,"Sun and Moon, Dattapada Rd, Rajendra Nagar, Mumbai, Maharashtra 400066",098200 49039,http://trade4wealth.in/,4.9,397.0,Financial consultant,info@trade4wealth.in,6666666666,https://www.facebook.com/Trade4WealthAmar/,https://www.instagram.com/trade4wealth.amar/,https://www.linkedin.com/company/trade4wealth/,https://www.youtube.com/@StockMarketTrainingT4W
Borivali Mumbai,Maharashtra,SHAREWOLVES,"first floor, sai niketan, next to arihant academy 101, Saibaba Nagar, Mumbai, Maharashtra 400092",077100 61191,http://www.sharewolves.com/,4.8,786.0,Training center,,,,,,
Borivali Mumbai,Maharashtra,Market Paathshaala by CA Rahul Ranka ( Stock Market Training),Opens 9 am,096193 37346,https://www.marketpaathshaala.com/,5.0,1700.0,Training center,,+919619337346,,https://instagram.com/market_paathshaala,,
Borivali Mumbai,Maharashtra,"Zero2Nine Learning and Trading Institute - Best Stock Market Training Institute, Borivali Mumbai","402/403 The Orion Business Park, Junction of S.V. Road & Natakwala Lane, Platform Number 1, near Borivali, Borivali West, Mumbai, Maharashtra 400092",085919 22140,https://zero2nineinstitute.com/,5.0,15.0,Educational institution,zero2nineinstitute@gmail.com,9185919221,,,,
Borivali Mumbai,Maharashtra,STAT Institute | Algo-Trading Course | Stock market trading Course in Mumbai | Trading course with certificate & job support,"Metro Station A2 Exit, B-01 Shree Kripa CHS, Baburao Paranjape Marg, near Borivali West, C.K.P. Colony, Ashok Nagar, Borivali West, Mumbai, Maharashtra 400092",079000 82617,https://statinsti.com/course/algo-systematic-trading/,4.5,21.0,Educational institution,,7697450289,https://www.facebook.com/stat.insti.7,https://www.instagram.com/stat.institute/,https://www.linkedin.com/company/stat-institute/,
Borivali Mumbai,Maharashtra,Dhanashri Academy,"A Wing, Suchita Enclive, G- 1, off, Lokmanya Tilak Rd, Near Mehsana Bank, Maharashtra Nagar, Borivali West, Mumbai, Maharashtra 400092",099873 86862,,4.8,294.0,Training center,,,,,,
Borivali Mumbai,Maharashtra,Capital Markets Intelligence & Learning Pvt Ltd.,"Shop No. 109, Ajanta Square, Bhaji Lane, near Court, Borivali West, Mumbai, Maharashtra 400092",076666 42232,http://www.cmilonline.com/,5.0,1.0,Online Share Trading Center,webmaster@cmilonline.com,,,,,
Dadar Mumbai,Maharashtra,UR Stock Trading institute,"Shop 46, Noor Cooperative Society, Senapati Bapat Marg, above Suvida Fashion, opp. Dadar Railway Station, Dadar West, Mumbai, Maharashtra 400028",093737 49734,,4.7,42.0,Educational institution,,,,,,
Dadar Mumbai,Maharashtra,FinLearn Academy,"The Ruby, FinLearn Academy, 7th Floor, Senapati Bapat Marg, Dadar West, Mumbai, Maharashtra 400028",099300 41883,http://finlearnacademy.com/,4.6,26.0,Training center,,,,,,
Dadar Mumbai,Maharashtra,GrowthX Trading Academy,"Balaji Building, Madhav Wadi, 2, MMGS Marg, near Dadar Railway Station, Dadar East, Mumbai, Maharashtra 400014",083697 34580,http://www.growthxventures.co.in/,5.0,10.0,Education center,,,,,,
Dadar Mumbai,Maharashtra,Train2Trade | Share Market Classes In Mumbai,"Shrijiniketan chs, Plot no. 541D, Dr Baba Saheb Ambedkar Rd, Matunga East, Mumbai, Maharashtra 400019",098339 05266,https://www.train2trade.co.in/,5.0,16.0,Online Share Trading Center,train2trade4u@gmail.com,+919769870994,https://www.facebook.com/train2trade/,https://www.instagram.com/train_2_trade/,https://www.linkedin.com/company/train2trade,
Dadar Mumbai,Maharashtra,Sensible Traders (Technical Analysis Training),"347, DAFTARI NIWAS, FIRST FLOOR , ROOM NO-3 ,TELANG CROSSROAD, CENTRAL, near SHIVAS SALON, opposite Guruji Kedarnath Udyan, Matunga East, Mumbai, Maharashtra 400019",070216 18126,,4.9,281.0,Training center,,,,,,
Dadar Mumbai,Maharashtra,Edument Trading Academy,"Shop no 9, SHREE SIDDHI SAGAR, SRA CHS, Janata Colony, Worli, Mumbai, Maharashtra 400030",088797 35165,,5.0,114.0,Coaching Center,,,,,,
Dadar Mumbai,Maharashtra,India Trading School | Stock Market Institute in Juinagar,"B-105, Juinagar Railway Station, Dr B R Ambedkar Marg, Complex, Juinagar, Navi Mumbai, Maharashtra 400705",080978 16457,,4.8,76.0,Training center,,,,,,
Dadar Mumbai,Maharashtra,Opulence trading academy,"Ground floor, Patel Industrial Estate, 10, Swami Vivekanand Rd, near Samarpan hospital, Dahisar East, Mumbai, Maharashtra 400068",083691 79604,https://opulencetradingacademy.com/,5.0,45.0,Financial consultant,opulencetradingacademy@gmail.com,+918369179604,https://www.facebook.com/people/opulence-trading-academy/61559428632829/?mibextid=ZbWKwL,https://www.instagram.com/opulence_tradingacademy,,http://www.youtube.com/@OPULENCE_28
Dadar Mumbai,Maharashtra,Trading As profession,,096533 88207,http://tradingasprofession.com/,5.0,273.0,Education center,support@tradigasprofession.com,9193725389,https://www.facebook.com/tradingasprofession,https://www.instagram.com/trading_as_profession/,,
Dadar Mumbai,Maharashtra,Option Trading Classes In Navi Mumbai,"Sector 5, Ghansoli, Navi Mumbai, Maharashtra 400701",079035 05430,,4.7,3.0,Online Share Trading Center,,,,,,
Thane,Maharashtra,Shilpa's Share Market Classes,"B/2 MANTHAN SOCIETY, SHREESH COMPOUND HAJURI ROAD, LIC LANE, behind PASSING RTO, Thane, Maharashtra 400604",088792 84555,,4.9,221.0,Online Share Trading Center,,,,,,
Thane,Maharashtra,Nexus Traders Academy. Best stock market classes in Thane. Learn options trading and forex trading.,"Unit 707, Centura Square, 7th Floor, 27, Wagle Estate Rd, beside Mahindra Showroom, Shree Nagar, Thane, Maharashtra 400080",084518 22955,http://www.nexustradersacademy.com/,5.0,139.0,Educational institution,,+918451822955,,,,
Thane,Maharashtra,Ved Academy | Stock market Institute,"Shop No 5, Nisarg chs, Building, 12, Manisha Nagar Rd, opp. Thane Bharat Sahakari bank, Kalwa, Maharashtra 400605",093729 78775,https://www.vedacademy.in/,4.7,95.0,Educational institution,kasar@yahoo.co.in,7789336121,,,,
Thane,Maharashtra,Upside Stock Market Training Institute Thane,"3rd Floor, Cosmos Avenue Building, 306, above Kumar lifestyle, near Thane Station Road, Ambedkar Chowk, Jambli Naka, Thane, Maharashtra 400602",099874 98599,https://upsides.in/upside-thane-branch/,5.0,39.0,Educational institution,info@upsides.in,+918356080290,https://www.facebook.com/upside01/,https://www.instagram.com/upside_01?igsh=OG5mdWZ5cjZiaW4w,,https://youtube.com/@upsidethink?si=FU4bWZC0N8r__qvd
Thane,Maharashtra,Trade Shiksha - Stock Market Classes In Thane,"Office 201, 2nd floor, Akshay Co- operative Society, JS Road, Bhandar Ali, near Thane Railway Station, Thane, Maharashtra 400601",087799 71358,https://www.tradeshiksha.in/,5.0,9.0,Training center,info@tradeshiksha.in,7701065816,https://www.facebook.com/tradeshikshatradinginstitute,https://www.instagram.com/tradeshiksha_,,https://www.youtube.com/watch?v=kxPCFljwJws
Thane,Maharashtra,Grow More Tech Academy | Stock Market Classes-Stock Market Training Institutes-Online Share Trading Tutorials in Thane West,"Shop No -7, Shreerang Shopping Center, Bus Stop, behind Shreerang Society, Thane West, Thane, Maharashtra 400601",070459 29306,,5.0,2.0,Stock broker,,,,,,
Thane,Maharashtra,Profiterz Share Market Classes | Stock Market Training Institute Mira Road,"B1, Ground Floor, Chandra Vihar CHS, Sheetal Nagar, Mira Road East, Mumbai, Maharashtra 401107",098334 43103,https://profiterz.com/,5.0,61.0,Training center,info@profiterzclasses.com,+91 9833443103,,,,
Thane,Maharashtra,Avighna Training Institute (Share Market Course),"Ghodbunder Rd, near Dnyanganga College, Haware City, Thane West, Thane, Maharashtra 400615",092842 49588,,4.8,33.0,Educational institution,,,,,,
Thane,Maharashtra,"Stocks and Levels | Stockmarket Institute | Share Market Training Institute | Mira Road East, thane","1st floor, Ramdev Ritu Heights, Shop No -5, Shop No -5, Vinay Nagar Rd, Mira Road East, Thane, Maharashtra 401107",073047 65166,http://stocksandlevels.in/,4.9,137.0,Private Tutor,stocksandlevels@gmail.com,7304765166,https://www.facebook.com/stocksandlevels?mibextid=LQQJ4d,https://www.instagram.com/stocksandlevels?igsh=MTZsZnh4MG1hdHV5YQ%3D%3D&utm_source=qr,,https://youtube.com/@stocksandlevels?si=HaFVyE1cm5Ri5X7j
Thane,Maharashtra,Market sarthi - Stock Market Training Academy,"Shop No 18, Sanskruti Apartment, Nalasopara - Vasai Link Rd, Agrawal Nagri, Yashvant Viva Twp, Nalasopara East, Vasai-Virar, Mumbai, Maharashtra 401209",075585 99038,https://marketsarthi.com/,4.8,437.0,Educational institution,info@marketsarthi.com,7587150923,https://www.facebook.com,https://www.instagram.com/marketsarthi.24/,,https://www.youtube.com/@marketsarthi
Thane,Maharashtra,F^ Fortune Share Trading Institute,"Ganga Jmauna bldg, A/8, Manpada Rd, opp. Pandurang Wadi 2nd Lane, opp. jaikul arcade, vidalaya, Dombivli East, Kalyan, Maharashtra 421201",098205 64689,https://youtu.be/glNnr8sGUL0?si=6iqxrvOKmOJEggaw,4.9,169.0,Education center,,8880000000,,,,https://www.youtube.com/s/desktop/dc4e66d7/img/favicon.ico
Thane,Maharashtra,Shares Trading School,"5XPC H7V, SHARES TRADING SCHOOL, Next to TBZ Jewellers, Sathewadi, Near Railway Station, Naupada, Thane West, Thane, Maharashtra 400602",088980 13344,https://sharestradingschool.com/,4.7,182.0,Educational institution,support@sharestradingschool.com,8898013344,https://www.facebook.com/sharestradingschool/,https://www.instagram.com/sharestradingschool/,,https://www.youtube.com/channel/UCeJJFxDXVrrRev0yiUEZSBQ
Thane,Maharashtra,Deepak Badade Training Academy Share Market Institute,"3rd Floor Office Number 304, Opp Vihar Hotel, Vaity Vila CHS, Kesarbaug Ln, opposite Mulund Railway Station, Mulund East, Mumbai, Maharashtra 400081",084336 57330,http://deepakbadade.com/,5.0,286.0,Online Share Trading Center,managedbta@gmail.com,9004850295,,,,
Thane,Maharashtra,निर्मित एड्युसोल प्रा. लि.,"1st Floor, Sai Laukik, Chendani Koliwada, Thane East, Thane, Maharashtra 400603",093216 96940,https://www.nirmitedusol.com/,4.9,905.0,Training center,info@nirmitedusol.com,9321696940,,https://www.instagram.com/reel/DZAwOQKO0W_/,,https://www.youtube.com/watch?v=YE7VzlLtp-4
Thane,Maharashtra,Swarajya Trading Institute,"C-WING, MBC Business Park, B-1, Ghodbunder Rd, Kasarvadavali, Thane, Maharashtra 400615",091527 15333,https://swarajyatradinginstitute.in/,5.0,32.0,Training center,info@swarajyatradinginstitute.in,9199207153,https://www.facebook.com/SwarajyaShare,https://www.instagram.com/swarajya_trade,https://www.linkedin.com/in/swarajyatrading/,https://www.youtube.com/@swarajyatradinginstitute
Thane,Maharashtra,Avighna Financial Services & Investments-Stock Market Training | Share Market Classes in Thane West,"office No 3, Mahavir Umang Society, Kolbad Rd, Thane West, Thane, Maharashtra 400601",099873 62999,https://www.avighnafinancialservices.com/,4.9,30.0,Training center,,,,,,
Thane,Maharashtra,UR Stock Trading institute | Best Stock Market Course in Navi Mumbai | Share Market Classes in Navi Mumbai,"Ground Floor 115, Y Wing, Akshar Business Park Phase-3, Sector -25, Plot-03, Turbhe, Vashi, Navi Mumbai, Maharashtra 400703",085915 63145,https://www.urstocktrading.com/,4.9,181.0,Online Share Trading Center,,,,,,
Thane,Maharashtra,UR Stock Trading institute | Best Stock Market Course in Mumbai | Share Market Classes in Mumbai | Learn Option Trading,"301, suyesh plaza, near, Kalyan Station Rd, opp. deepak hotel, Kalyan(W), Bhoiwada, Kalyan, Maharashtra 421301",090220 85695,http://www.urstocktrading.com/,4.8,84.0,Education center,,,,,,
Thane,Maharashtra,Trade Zone Training Institute - Share Market (ट्रेड झोन ट्रेनिंग इन्स्टिट्यूट - शेअर मार्केट),"Trade zone Training Institute Share market classes, Lodha Boulevard Mall, SN, 112, near Majiwada Flyover, Sainath Nagar, Majiwada, Thane, Maharashtra 400601",077670 00789,https://tradezonetraining.com/,4.8,50.0,Training center,,,,,,
Navi Mumbai,Maharashtra,Traders platform,"railway station, Sector-25 plot no-29 Kamothe Traders platform shop no-46 Akshar geomatrix silver crest, opp. to khandeshwar, Maharashtra, 410206",096199 08688,https://www.tradersplatform.in/,4.8,542.0,Training center,,9175062386,,,,
Navi Mumbai,Maharashtra,Wealth Monk Trading Academy,"Office no 11, Sector 11, CBD Belapur, Navi Mumbai, Maharashtra 400614",088794 93887,,4.9,30.0,Online Share Trading Center,,,,,,
Navi Mumbai,Maharashtra,Aarav stock market training institute,"Panchnand Heights, Taloja, Panvel, Maharashtra 410208",070668 38566,,4.9,18.0,Stock broker,,,,,,
Navi Mumbai,Maharashtra,"NIFM National Institute of Financial Markets, Vashi","1008, 10th Floor, Haware Infotech Park, opposite to In-orbit Mall, near Railway Station, Sector 30A, Vashi, Navi Mumbai, Maharashtra 400703",084528 69606,http://www.nifm.in/,5.0,131.0,Training center,vashi@nifm.in,9022595581,https://www.facebook.com/NifmEducationalInstitutionsLtd?ref=hl,https://www.instagram.com/nifmacademy/,,https://www.youtube.com/channel/UCGEZbFD3rupWYIcfm-bshmA
Navi Mumbai,Maharashtra,Trader's-nation academy | Best share market classes in navi mumbai,"H.S. Shop, Building No 16, Mangaldeep C, near St.Joseph's High School, Sector 4, Kalamboli, Panvel, Maharashtra 410218",098194 66578,,5.0,9.0,Online Share Trading Center,,,,,,
Navi Mumbai,Maharashtra,S-curve: Nishant's Stock & Share Market Training Classes at Kamothe,"TULSI HEIGHTS, Plot 25, Phase II, Sector 22, Kamothe, Navi Mumbai, Maharashtra 410209",082860 04015,,5.0,54.0,Educational consultant,,,,,,
Navi Mumbai,Maharashtra,PVM Capital | Stock Market Classes in Kharghar,"Office No. 610, Goodwill Infinity, Sector 12, Kharghar, Mumbai, Maharashtra 410210",098193 99909,https://pvmcapital.in/,4.9,8.0,Training center,pravin@pvmcapital.in,6134662583,https://www.facebook.com/profile.php?id=61590969860320,https://www.instagram.com/pvmcapital1,,https://www.youtube.com/@PVMcapital
Navi Mumbai,Maharashtra,Mitras Global Market Education - Best stock market classes in Belapur | Online trading classes in Navi Mumbai,"Pujit Plaza, 608, Sector 11, CBD Belapur, Navi Mumbai, Maharashtra 400614",088280 16226,https://mitraseducation.com/,5.0,15.0,Educational institution,,+91 8828016226,https://www.facebook.com/profile.php?id=61570510201674,https://www.instagram.com/mitras_education/profilecard/?igsh=OHN2NXcycDZ4dnc=,,https://www.youtube.com/watch?v=b2Az7_lLh3g
Navi Mumbai,Maharashtra,Market Rahasya,"Fam Society, Sector 11, Kopar Khairane, Navi Mumbai, Maharashtra 400709",080905 03027,https://marketrahasya.in/,5.0,242.0,Online Share Trading Center,,,,,,
Navi Mumbai,Maharashtra,NM TRADES by Anvah financial services,"Zudio kharghar, metro station, 118,P1,kamdhenu commerz business park, Sector 14, Kharghar, Maharashtra 410210",098920 23736,http://nmstockmarketinstitute.com/,5.0,51.0,Education center,,,,,,
Navi Mumbai,Maharashtra,Chart Education - Stock Market Coaching classes in Navi Mumbai,"Surya Complex, Sankalp siddhi society, B- 504, Subhash Chandra Bose Rd, near Auto Stand, Dombivli, Dombivli West, Maharashtra 421202",080800 58121,,4.9,34.0,Educational institution,,,,,,
Navi Mumbai,Maharashtra,Stox Bees - Share Market Classes,"2nd Floor, Building No 2, Navkar Bahar, 207, Ghanshyam Gupte Road, near Balkrishna Apartment, Dombivli, Dombivli West, Maharashtra 421202",070399 24689,https://stoxbees.in/,5.0,750.0,Training center,stoxbees@gmail.com,+917039924689,,,,
Navi Mumbai,Maharashtra,Share Skills Academy,"Office 120, Grow More Towers, Station Rd, near CCD, Sector 2, Kharghar, Maharashtra 410210",090964 73661,http://www.shareskillsacademy.in/,4.6,86.0,Online Share Trading Center,,,,,,
Navi Mumbai,Maharashtra,Share Market Classes by Share Skills,"702, Goodwill Pride Co-Operative Housing Society, Plot no A-37, New, Sector 5, Khanda Colony, Panvel, Maharashtra 410218",098206 33183,https://www.sharemarketsclass.com/,5.0,4.0,Online Share Trading Center,,9852014314,,,,
Navi Mumbai,Maharashtra,Share Market Classes,"Nerul, Navi Mumbai, Maharashtra 400706",088988 75248,https://chat.whatsapp.com/LKb4LjLdrzbIfAVRRV6jEO,5.0,2.0,Coaching Center,,7981289436,https://www.facebook.com/profile.php?id=100064758844406,https://www.instagram.com/whatsapp/?hl=en,,https://www.youtube.com/channel/UCAuerig2N-RZWJT8x75V9yw
Navi Mumbai,Maharashtra,Dr.Shashank Rawale Group,"2ND FLOOR, Hawares Centurion Mall, S-10A, Nerul (E, Seawoods, Navi Mumbai, Maharashtra 400706",081088 76666,http://www.shashankrawale.com/,4.9,755.0,Stock broker,shashankrawale17@gmail.com,9773327777,,,,
Pune,Maharashtra,Fin Earn Share Market Classes in Pune | Stock Market Courses In Pune,"Fergusson College Road Hotel Vaishali lane Near Rummy Grand Hotel Status Chambers Office No 12/16 3rd Floor, near Ramee Grand Hotel, Deccan Gymkhana, Pune, Maharashtra 411004",095618 61818,http://sharemarketclasses.in/,4.9,1400.0,Online Share Trading Center,in@gmail.com,7600649585,https://www.facebook.com/FinearnShareMarketAcademy/,https://www.instagram.com/finearn_share_market_academy/,https://www.linkedin.com/in/finearn-share-market-academy-28507a161/,https://www.youtube.com/channel/UCdjV3MnhtxZuf50SfHIw0xg
Pune,Maharashtra,Chaitanya Share Market Classes in Pune,"Office No-9, 2nd Floor, Somnath Dairy Bulding, Anand Nagar, Sinhgad Rd, opp of Patil Hospital, Pune, Maharashtra 411051",090213 36336,http://www.chaitanyasharemarket.com/,4.8,3300.0,Online Share Trading Center,CSCLASSES9@GMAIL.COM,9021336336,,,,
Pune,Maharashtra,Wealth Note | Share Market Classes In Pune,"2nd floor, DSK Rohit Apartment, 8, Jangali Maharaj Rd, near Hotel Central Park, Deccan Gymkhana, Pune, Maharashtra 411004",070680 01919,https://wealthnote.in/?utm_source=GMB&utm_medium=organic&utm_campaign=Google+My+business+&utm_id=Google+My+business,4.9,912.0,Online Share Trading Center,%20info@wealthnote.in,+91 7068001919,https://www.facebook.com/wealthnoteinvestment/,https://www.instagram.com/wealthnoteinvestments/,https://www.linkedin.com/in/wealth-note-4355b91a9/,https://www.youtube.com/channel/UC6tztrslKpeEDm4bItaZxzA/videos
Pune,Maharashtra,FinEarn Share Market Academy Pimpri-Chinchwad (PCMC) | Stock Market Classes in Pune,"Chichwad (PCMC, Khinvasara Trade Center(KTC),Office No 303, 3rd Floor Datta Mandir Road, Dange Chowk Rd, Pimpri-Chinchwad, Maharashtra 411033",083088 30811,https://sharemarketclasses.in/pimpri-chinchwad-branch/,4.9,973.0,Educational institution,in@gmail.com,7600649585,https://www.facebook.com/pranavlodh,https://www.instagram.com/finearn_share_market_academy/,https://www.linkedin.com/checkpoint/challenge/AgGbVvY2yBF_wAAAAZhfPahW6sOkbC76eXxDMh6QbuhrZruadOppjeFakhIqaUfvI0eGjgpCepNfvaO0QbX_ViIUsHpJBw?ut=2G6VYuHwoo3rU1,https://www.youtube.com/channel/UCdjV3MnhtxZuf50SfHIw0xg
Pune,Maharashtra,Institute of Stock Market Training,"3RD Floor, Datta Mandir chowk, Viman Nager, Pune, Maharashtra 411014",093708 44236,https://instituteofstockmarkettraining.com/,5.0,281.0,Educational institution,info@instituteofstockmarkettraining.com,8538744097,,,,
Pune,Maharashtra,Jagdish Stock Market Classes & Consultancy,"FLAT NO.-D-403 Dhaval Windscapes BEHIND, NAVJEEVAN PARK SOCIETY, Sasane Nagar, Hadapsar, Pune, Maharashtra 411028",097307 02102,http://jagdishjha.com/,4.9,1300.0,Online Share Trading Center,pe@gmail.com,9970112799,,,,https://www.youtube.com/c/JagdishJha
Pune,Maharashtra,Best Share Market Classes in Pune Hira Institute of Wealth Management,"First Floor, Chaitanya Nagar, Dhankawadi, Pune, Maharashtra 411043",088060 16265,https://superprofile.bio/hirasharemarket,5.0,476.0,Online Share Trading Center,,8154660619,,,,
Pune,Maharashtra,JG STOCK MARKET ACADEMY | Stock Market Institute in Pune | Equity and Options Trading Institute,"1st Floor, Chattrapati Shivaji Maharaj Park, Lane No. 4, New Sangavi, Maharashtra 411061",099602 38240,https://www.instagram.com/jg_stock_market_academy?igsh=aWc3NXprdnFrczhn,5.0,103.0,Education center,,,,,,
Pune,Maharashtra,KS Share Market Academy,"Unit No.10, 3rd floor, Aaru Palace, Malwadi Rd, behind Bank Of Maharashtra, Hadapsar Gaon, Pune, Maharashtra 411028",098503 64200,http://www.kstradeguru.com/,4.8,669.0,Online Share Trading Center,info@kstradeguru.com,9490196078,,,,
Pune,Maharashtra,"Shambhuraj Khamkar's Trading Academy - Stock, Share & Commodity Market Classes in Pune","4th Floor, Office No-401, Reelicon Capital, Pune - Satara Rd, near Walvekar lawns, opp. Nexa Showroom, Pune, Maharashtra 411009",088028 09090,http://www.skta.in/,4.9,886.0,Online Share Trading Center,,,,,,
Pune,Maharashtra,The Ware Group | Trading Academy | Stock Market Classes,"A wing, Jai Ganesh Plazza, Porwal Road, 204, Dhanori-Lohegaon Rd, Jakat Naka, Pune, Maharashtra 411015",095290 23068,http://thewaregroup.in/,5.0,42.0,Educational institution,info@thewaregroup.in,6119747898,,,,
Pune,Maharashtra,Trade Art Share Market Classes,"Flat No. 101, Hingane Capital Serve.311, Sasanenagar, DP Road, 411028, opp. Gandharva Serenity, near Wellness forver Medical, Hadapsar, Maharashtra 411028",091563 93929,,4.9,299.0,Online Share Trading Center,,,,,,
Pune,Maharashtra,White Fortune Stock Market Institute,"Jai Ganesh Samrajya, First Floor, Sai Ganga Apartment, Above Sirwi Sweet Mart Spine Road, Panjarpol Chawk, Pune - Nashik Hwy, chawk, Bhosari, Maharashtra 411026",079721 07037,http://www.whitefortunegroup.com/,4.9,400.0,Educational institution,,,,,,
Pune,Maharashtra,Share Market Classes Pune,"2ND FLOOR, survey no 47/5A, Old Mundhwa Rd, opp. Sainandan building, above SATAV AUTO, Chandan Nagar, Pune, Maharashtra 411014",091583 40399,https://www.facebook.com/ShareMarketClassesChandannagar/,4.8,74.0,Online Share Trading Center,,7895077948,https://www.facebook.com/ShareMarketClassesChandannagar/,,,
Pune,Maharashtra,the helping hands online stock market academy (मराठी),"Handewadi Rd, Pune, Maharashtra 412308",084848 03860,,5.0,276.0,Education center,,,,,,
Pune,Maharashtra,Share Market Classes | BEST STOCK MARKET INSTITUTE IN PUNE,"1st Floor, Luniya Heights, Kushaba Zanjale Rd, near Pujari Garden, Gultekadi, Pune, Maharashtra 411037",080072 80721,http://otdsystem.com/,4.9,31.0,Online Share Trading Center,,7871495668,,,,
Pune,Maharashtra,Kushaagri Institute (कुशाग्री इंस्टिट्यूट),"1st floor, Back of Home Decor, Nandgunde Complex, Jagtap Dairy Rd, near Shri Amrutulya, Pimple Nilakh, Pimpri-Chinchwad, Maharashtra 411057",072729 24444,,5.0,232.0,Online Share Trading Center,,,,,,
Pune,Maharashtra,Investstocks | Share market classes,"Symphony IT Part, Nanded City Sinhgad Rd, Pune, Maharashtra 411041",073870 97907,http://www.investstocks.in/,4.9,180.0,Training center,investstocks024@gmail.com,7746891737,https://www.facebook.com/investstocksindia2022?mibextid=ZbWKwL,https://www.instagram.com/investstocksofficial/,,https://www.youtube.com/@investstocksmarathi
Pune,Maharashtra,Tradeshala | Best Share Market Training Academy | Pune,"2nd floor Vitthal building ,Shitole Nagar, above Gymholics, Spicer College Rd, Old Sangvi, Pune, Maharashtra 411027",092704 92804,https://www.tradeshalaacademy.com/,4.9,118.0,Training center,,6052620321,https://www.facebook.com/TradeshalaEduHub,https://www.instagram.com/tradeshala.in/reels/,,
Pune,Maharashtra,Phoenix Share Market Classes,"3rd Floor,​Office No 311, ROSE ICON, above IFB point, near RBL Bank, Amenity, Pimple Saudagar, Maharashtra 411027",093075 31737,https://phoenixsharemarket.in/,4.9,415.0,Training center,phoenixsharemarketps2017@gmail.com,7577556143,,,,
Pune,Maharashtra,Toppers Training Institute | Deccan - Pune,"Office No. 804, 8th floor of Kushal Wall Street, Ferguson College Rd, Deccan Gymkhana, Pune, Maharashtra 411004",089998 63710,https://toppersitinstitute.com/,4.9,447.0,Coaching Center,info@toppersitinstitute.com,6591665341,,,,
Pune,Maharashtra,Ajinkya Share Academy,"Kumar Surabhi Opp Sai Baba Mandir Pune Satara Road Near LaxmiNarayan Theater Parvati Parvati Pune 41009, Pune, Maharashtra 411009",082080 07601,,4.9,32.0,Online Share Trading Center,,,,,,
Pune,Maharashtra,Trading Universe Academy,"Office no. 305,306, SKP Aston Plaza, Ambegaon, Pune, Maharashtra 411046",077091 82707,http://tradinguniverse.co.in/,4.9,907.0,Education center,thegem@example.com,9756834637,https://www.facebook.com/sharer/sharer.php?u=http%3A%2F%2Ftradinguniverse.co.in%2Fthoughts-for-educators-on-school-reopening%2F,,https://www.linkedin.com/shareArticle?mini=true&#038;url=http%3A%2F%2Ftradinguniverse.co.in%2Fthoughts-for-educators-on-school-reopening%2F&#038;title=Thoughts+for+Educators+On+School+Reopening&amp;summary=%3Cp%3EThere+are+many+variations+of+passages+of+Lorem+Ipsum+available%2C+but+the+majority+have+suffered+alteration+in+some+form%2C+by+injected+humour%2C+or+randomised+words+which+don%27t+look+even+slightly+believable.%3C%2Fp%3E,
Pune,Maharashtra,Dhanvi Share Market Institute,"Samarth Prasad House, Lal Bahadur Shastri Rd, opposite to Parth Complex, New, Sadashiv Peth, Pune, Maharashtra 411030",077439 98800,https://www.dhanviacademy.com/,4.9,216.0,Online Share Trading Center,,,,,,
Pune,Maharashtra,The Trader Academy,"Shiv Shakti Apartment, Pune - Satara Rd, Pune, Maharashtra 411043",083810 31211,http://thetraderacademy.com/,4.8,16.0,Online Share Trading Center,,,,,,
Pune,Maharashtra,StockLogicks | Stock Market Training Institute,"Sr.No. 39, Office No.207, Balaji Crystal, Ambegaon Budruk, Pune, Maharashtra 411046",095211 59595,https://stocklogicks.com/,4.7,44.0,Educational institution,,,,,,
Pune,Maharashtra,COMRADE Share Market Classes - Top Stock Market Training Institutes in Pune,"Ram Rama Estate, 1st floor, Lane No 10,Tukai Darshan, Infront of SP Infocity, Phursungi, Bhekrai Nagar, Hadapsar, Pune, Maharashtra 412308",095615 63535,https://comradesharemarketclasses.com/,4.9,148.0,Online Share Trading Center,,,,,,
Pune,Maharashtra,Arthvidya Wealth Mantra | Best Share Market Classes Courses Pune | Intraday and Trading Center In Pune & Pimpri Chinchwad,"Office No 202, R Qube Building, 2nd Floor, Atul Nagar Rd Opp Vinayak Hospital, off Bangalore, Mumbai Hwy, Warje, Pune, Maharashtra 411058",084840 36329,https://www.arthvidya.in/,4.9,78.0,Online Share Trading Center,,,,,,
Pune,Maharashtra,Bharti Share Market,"SEASONS MALL, office No 4010, 4th Floor Marvel Fuego, near Amanora Mall, opp. WeWork, Magarpatta, Pune, Maharashtra 411036",070571 01010,https://bhartisharemarket.com/,4.6,2000.0,Online Share Trading Center,,,,,,
Pune,Maharashtra,Wealth Stone Capital Stock market training institute / Best Share Market Classes,"Falt no.4, second floor, Shri Hari building, 46, Katraj - Ambegaon BK Rd, next to Siddhivinayak mandir, Dattanagar, chouk, Pune, Maharashtra 411046",088889 75646,https://www.wealthstonecapital.in/,5.0,68.0,Online Share Trading Center,,,,,,
Pune,Maharashtra,Hello Market Share Market Classes in Pune,"405, Manish Plaza, NIBM Rd, Pune, Maharashtra 411048",097665 87555,https://hellomarket.in/,4.9,842.0,Online Share Trading Center,,7021276595,https://www.facebook.com/hellomarketacademy,https://www.instagram.com/hellomarketacademy/,https://www.linkedin.com/in/kabirbhupeshraj/,
Pune,Maharashtra,VK Trading Institute,"308, Shivar Chowk, Pimple Saudagar, Pune, Maharashtra 411017",096735 37619,https://vksharemarket.in/,4.8,87.0,Education center,,,,,,
Pune,Maharashtra,Trade With Comrade -Top Stock Market Training Institutes in Pune,"Survey No. 1/1A, GLOBAL BUSINESS HUB, 4th Flooor, Office No,403, near Comp support, opposite EON Free Zone, Kharadi, Pune, Maharashtra 411014",089564 77464,https://tradewithcomrade.com/,4.9,32.0,Online Share Trading Center,,,,,,
Pune,Maharashtra,Charts Talk Academy | Stock Market | Technical Analysis | Equity Derivatives (Options),"Row House B-22, Indira Shankar Nagari Lane No. 1, Paud Rd, opposite Mangalmurthy Garden, Kothrud, Pune, Maharashtra 411038",091466 00532,https://www.chartstalkacademy.in/,5.0,56.0,Online Share Trading Center,ed436f5053144538958ad06a5005e99a@sentry.wixpress.com,9987792968,https://www.facebook.com/WixStudio,https://www.instagram.com/wixstudio,,
Pune,Maharashtra,"Share Trading Campus, Hadapsar Pune | Share Market Classes Institute","First floor, Vaibhav Complex, Compound, Pune - Solapur Rd, above Gujar Mastani, Hadapsar, Pune, Maharashtra 411028",072777 08090,http://www.sharetradingcampus.com/,4.6,317.0,Online Share Trading Center,dgmarketing@gmail.com,9632987283,https://www.facebook.com/sharetradingcampuspune,https://www.instagram.com/sharetradingcampus,https://www.linkedin.com/company/73488389/admin/,https://www.youtube.com/channel/UCSNBhL93Pstj_BtqiQsmx0w
Pune,Maharashtra,Sri Vallabh Investment - Best Stock Market Investment Services,,085307 99969,https://www.srivallabhinvestment.com/,4.9,149.0,Stock broker,,,,,,
Pune,Maharashtra,Vista Trading Academy,"2nd floor, 201, Stellar space, opposite zensar, Kharadi, Pune, Maharashtra 411014",072763 63773,https://www.vistatradingacademy.in/,5.0,117.0,Online Share Trading Center,contact@vistainvestments.in,9170203137,https://www.facebook.com/vistainvestmentspune,https://www.instagram.com/vista_investments/,https://www.linkedin.com/company/vistainvestments/,https://www.youtube.com/@vista_investments
Pune,Maharashtra,Vansh Capital,"1st Floor, Mini Apartment, 795, Bhandarkar Rd, near Golwilkar Metropolis Lab, Deccan Gymkhana, Pune, Maharashtra 411004",098228 15296,https://vanshcapital.in/,4.8,446.0,Online Share Trading Center,,9198228152,https://www.facebook.com/vanshcapital,https://www.instagram.com/rahulm.jaju/,,https://www.youtube.com/@vanshcapital3219
Pune,Maharashtra,Equity Speak Stock Market Academy,"14, Vyankatesh Sankul, Manjri Rd, Mahadev Nagar, Hadapsar, Pune, Maharashtra 412307",084464 83238,https://www.equityspeak.com/,5.0,257.0,Educational institution,info@equityspeak.com,6505620842,,,,
Pune,Maharashtra,"U A CAPITAL - Share Market Classes In Hadapsar, Pune.","Office No 11 & 12, Gandharv Serenity, Bhosale Garden Rd, near Villoo Poonawala Hospital, Hadapsar, Pune, Maharashtra 411028",096979 69770,https://uacapitals.com/,4.9,199.0,Online Share Trading Center,,,,,,
Pune,Maharashtra,The Unique Trading Academy,"1024, Maa Shakti Bunglow, opp. Mihir Apartment, near Chondhe Patil Sports Complex, Vishal Nagar, Pimple Nilakh, Pune, Maharashtra 411027",098817 16627,https://www.theuniquetradingacademy.com/,5.0,290.0,Learning center,theuniquetradingacademy@gmail.com,7075195312,,,,
Pune,Maharashtra,Trade Tech Trading Academy - Share Market classes in Pune,"Office no. 704, 6th Floor, Dangat Patil Empire, near, Navale Brg, Kudale Baug, Vadgaon Budruk, Pune, Maharashtra 411041",083810 13106,https://tradetechacademy.com/,4.9,69.0,Training center,,,,,,
Pune,Maharashtra,"LT Share Market Academy, Bhumkar Chowk","Shop no 131, Vision One Mall, Bhumkar Chowk Rd, Wakad, Pune, Maharashtra 411033",070589 71378,,5.0,228.0,Trade school,,,,,,
Pune,Maharashtra,ProfitMax Share Market Classes,"3rd Floor, Office No, Sahil Arcade, Jangali Maharaj Rd, Pune, Maharashtra 411005",089755 77551,https://profitmaxacademy.com/,4.8,543.0,Online Share Trading Center,info@profitmaxacademy.com,9189755775,https://www.facebook.com/sharer/sharer.php?u=https://profitmaxacademy.com/,https://www.instagram.com/profitmaxacademy/,https://www.linkedin.com/shareArticle?mini=true&url=https://profitmaxacademy.com/,https://www.youtube.com/channel/UC-ssCO36B1nP6ID6K_QXZyg
Pune,Maharashtra,"IFMC Institute Pune - NSE, BSE Preparation Courses & Share Market Classes","Shop No.6, 1133/5, Ferguson College Rd, opposite Police Grounds, Model Colony, Shivajinagar, Pune, Maharashtra 411016",086698 02550,https://www.ifmcinstitute.com/ifmc-institute-pune/,4.9,61.0,Educational institution,info@ifmcinstitute.com,9676108096,https://www.facebook.com/Ifmcinstitute,https://www.instagram.com/ifmceducationofficial/,https://www.linkedin.com/school/ifmc-institute/,https://www.youtube.com/channel/UCbOkZlwRtOP3EGGAYd-Zi1Q?sub_confirmation=1
Pune,Maharashtra,Grow Fast Share Market Classes | Trading Classes in Pune,"Shop No 11, 2nd Floor, Ramesh Sankul, opp. Murli Pure Veg, Dhayari, Pune, Maharashtra 411041",085520 70070,https://growfastsharemarket.com/,5.0,204.0,Online Share Trading Center,Info@growfastsharemarket.com,9185520700,https://www.facebook.com/share/17fykBRMK3/?mibextid=wwXIfr,https://www.instagram.com/growfastsharemarket/,,https://www.youtube.com/@grow_fast_share_market_classes
Pune,Maharashtra,Share Market Classes,"3rd floor, shop 16, Goodwill square, Dhanori, Pune, Maharashtra 411015",099228 09898,,4.9,142.0,Online Share Trading Center,,,,,,
Kothrud Pune,Maharashtra,Gaming Stocks - Best Stock Market & Share Market Trading Class in Pune,"third floor, Saudamini commercials, 304/C-2, Depot, Right, Right Bhusari Colony, Kothrud, Pune, Maharashtra 411038",092094 13479,,5.0,17.0,Education center,,,,,,
Kothrud Pune,Maharashtra,share market training centre,"C-7, Pune, Maharashtra 411038",098815 00379,http://www.sharemarketcentre.com/,4.7,21.0,Training center,,,,,,
Kothrud Pune,Maharashtra,tradewithnhta,"3rd floor, Karve Rd, near Karve statue, above sujata mastani, Rahul Nagar, Kothrud, Pune, Maharashtra 411038",096734 05060,,4.4,221.0,Coaching Center,,,,,,
Kothrud Pune,Maharashtra,Pune Trading Education Services,"Shop No 12, Choudhary Heights, Warje, Pune, Maharashtra 411058",095703 03132,https://punetrading.in/,4.9,81.0,Education center,,,,,,
Kothrud Pune,Maharashtra,Step In Share Market Classes,"4th Floor, Sai Leela Complex, Warje Road, near Marane Glass, Karvenagar, Warje, Pune, Maharashtra 411058",087668 21389,https://id.vyaparify.com/pune-stepin-share-market-classes,5.0,54.0,Online Share Trading Center,,,,,,
Kothrud Pune,Maharashtra,Highway to Wealth...Building Financial Literacy for Future,"Classroom 1&3, Dyaneshwari Appt, VISHWALAXMI HOUSING SOCIETY, Mayur Colony, Pune, Maharashtra 411038",098238 81515,,4.9,82.0,Online Share Trading Center,,,,,,
Kothrud Pune,Maharashtra,Vision share market classes,"Warje Naka Rd Paschim rang housing society, Warje Naka Rd, AtulNagar Phase I, Pune, Maharashtra 411058",070584 16303,,4.9,108.0,Training center,,,,,,
Viman Nagar Pune,Maharashtra,Share Trading Campus Viman Nagar,"5A & 5B, Datta Mandir Chowk, near skymax Mall, Pune, Maharashtra 411014",072767 08090,https://sharetradingcampus.com/,4.7,46.0,Online Share Trading Center,dgmarketing@gmail.com,6052228242,https://www.facebook.com/sharetradingcampuspune,https://www.instagram.com/sharetradingcampus,https://www.linkedin.com/company/73488389/admin/,https://www.youtube.com/channel/UCSNBhL93Pstj_BtqiQsmx0w
Viman Nagar Pune,Maharashtra,Value Focused Institute For Stock Market Learning,"Bramha Business Park, Value Focused Institute For Stock Market Learning, 704, Kalyani Nagar, Pune, Maharashtra 411014",093738 33625,https://valuefocussed.com/,4.9,548.0,Coaching Center,getvaluefocused@gmail.Com,,,,,
Viman Nagar Pune,Maharashtra,ExpertAction®,"Office No 23, 3rd floor, B Wing, City Vista Downtown, Fountain Road, Kharadi, Pune, Maharashtra 411014",078229 13468,https://expertaction.in/,4.9,316.0,Training center,contact@sansoxygen.com,8013520035,,,,
Viman Nagar Pune,Maharashtra,"NIFM Karvenagar, Pune– Stock Market & Financial Market Courses, NISM Exam Preparation","3rd floor, office no.3, Banali apartment, near Saraswat bank, Erandwane, Pune, Maharashtra 411004",072764 84559,https://www.nifm.in/branch/viman-nagar-pune-stock-market-trading-and-accounting-taxation-courses-training-institute,5.0,41.0,Coaching Center,info@nifm.in,9132325391,https://www.facebook.com/NifmEducationalInstitutionsLtd?ref=hl,https://www.instagram.com/nifmacademy/,https://www.linkedin.com/school/nifm/,https://www.youtube.com/channel/UCGEZbFD3rupWYIcfm-bshmA
Viman Nagar Pune,Maharashtra,ShareMaster,"6th Floor, A-wing, Nyati Empress, Viman Nagar, Pune, Maharashtra 411014",075174 01717,https://sharemaster.in/,5.0,47.0,Training center,171@gmail.com,+91-7517401717,,,,
Viman Nagar Pune,Maharashtra,Kalyani Wadnere Stock Market class,"Shubh Gateway, Airport Rd, Viman Nagar, Pune, Maharashtra 411032",080100 98309,https://www.kalyaniwadnere.com/s/store/courses/description/Technical-Analysis,5.0,6.0,Training center,,6522725933,https://www.facebook.com/wadnerekalyani/?__cft__[0]=AZXGvey8LUEELYzwGqkG-Ohbnd5DMRlxtpkJ7_FCum_BjPUSvRTCtY6R0T96_2VFTicUEtZdUj-cA_OzMiwxggx0sSoPND1dOkh6AVQktfi_oupkEHQTzl0OkfL-KbmUKyshKtygbbVrNwsjuW1MuldX4yBgWh6OVnS7yBeEolYjsQ&amp;__tn__=kK-R,,,https://www.youtube.com/c/GraphyUniversity
Viman Nagar Pune,Maharashtra,Trading Direction,"Office No 24, B Building, City Vista, Survey Number 54, 4th Floor, Fountain Road, Kharadi, Pune, Maharashtra 411014",091758 62166,http://www.tradingdirection.in/,4.8,102.0,Training center,support@tradingdirection.in,+919175862166,https://www.facebook.com/tradingdirection/,https://www.instagram.com/tradingdirection/,https://www.linkedin.com/in/anilhanegave/,https://www.youtube.com/@TradingDirection
Nagpur,Maharashtra,Central Trading Academy - Stock Market | Share Market Training Institute,"2ND FLOOR, AMBAJHARI LAYOUT, PLOT NO 34, Hingna Rd, Nagpur, Maharashtra 440033",076205 73829,,5.0,291.0,Training center,,,,,,
Nagpur,Maharashtra,Advait Stock Market Academy | Stock Market Trading Training Institute,"Plot 28, Oshian SuperCity 3, 6, Besa-Pipla Rd, opposite to Atharva Nagri, Besa Pipla, Maharashtra 440034",091569 53895,https://www.asmaonline.in/,5.0,664.0,Training center,,,,,,
Nagpur,Maharashtra,Share Market Training Institute | Stock Market Vidya,"86,""Swamikrupa, Wardha Rd, near The Pride Hotel, Kannamwar Nagar, Nagpur, Maharashtra 440025",084218 93845,https://stockmarketvidya.com/,4.9,353.0,Training center,infostockmarketvidya@gmail.com,9822718163,https://www.facebook.com/SirSarode,https://www.instagram.com/sirsarode,,http://www.youtube.com/c/StockMarketinHindi
Nagpur,Maharashtra,MeTta Share Market Training Institute.,"Flat No 101, Aqua Habitat Lohar samaj, Beltarodi Rd, near Prabhat Hardware, Shatabdi Square, Nagpur, Maharashtra 440027",098348 88821,http://www.mettasharemarket.in/,4.9,394.0,Online Share Trading Center,,,,,,
Nagpur,Maharashtra,Stock Mart Share Market Institute,"Plot no.92, Subhash Nagar Rd, above Bank Of India ATM, Trimurti Nagar, Nagpur, Maharashtra 440022",090228 54273,,4.9,148.0,Education center,,,,,,
Nagpur,Maharashtra,TRADINGZ STOCK MARKET ACADEMY,"Plot No. 5, Manewada Rd, near Gulhane Hospital, Old Dnyaneshwar Nagar, Bajrang Nagar, Rameshwari, Nagpur, Maharashtra 440027",070665 94949,http://tradingz.in/,4.8,54.0,Education center,,+91 7020950188,,,,
Nagpur,Maharashtra,Tradr Trading Academy - Stock Market Classes in Nagpur | Share Market Classes,"5th Floor, Study Center, Sunder Pride, Plot no. 25, Chitnavis layout, Byramji Town, Nagpur, Maharashtra 440013",091121 29992,http://tradr.co.in/,4.8,162.0,Training center,username@coolexample.com,7023319615,,,,
Nagpur,Maharashtra,The Trade Learnify | Stock Market Academy,"Shop Plot no 45, behind Sai Mobile, near Kachore Lawn Road, Manish Nagar, Nagpur, Maharashtra 440015",093732 28941,https://thetradelearnify.com/,5.0,116.0,Educational institution,,,,,,
Nagpur,Maharashtra,Stock Market Training Institute - Share Market Classes in Nagpur,"Commercial Complex, Chamber Number 24,Block No - 8, 3rd Floor, Bajaj wing, Mangalwari, Sadar, Nagpur, Maharashtra 440001",084592 13063,https://www.stockmarketnagpur.com/,4.9,60.0,Training center,,,,,,
Nagpur,Maharashtra,HFX Snipers Trading Academy,"plot no. 8B, Jyoti School Rd, Ratan Nagar, Nagpur, Maharashtra 440024",070283 96672,http://www.hfxsnipers.in/,4.9,212.0,Education center,support@hfxsnipers.in,+91 7028396672,,https://www.instagram.com/hfx_snipers_learningfx?igsh=MWFwc3pmcWxvb2F4aQ%3D%3D,,https://img.youtube.com/vi/_ZN6UFHfrAg/maxresdefault.jpg
Nagpur,Maharashtra,ISD Share Market Training & Financial Planning,"Plot no 12, Chandak Lay Out, behind the bus stop, near Ali Sir's house, Chatrapati Nagar, Nagpur, Maharashtra 440015",097669 68120,,4.9,250.0,Education center,,,,,,
Nagpur,Maharashtra,Equity wisdom :- Share market classes,"Shree ramkunj apartment, near kachhi visa ground, Lakadganj, Nagpur, Maharashtra 440008",070207 69477,,5.0,138.0,Training center,,,,,,
Nagpur,Maharashtra,Aadhar Share Market Institute,"18, Medical Chowk, near Krida chowk, opp. Bank of India, Hanuman Nagar, Nagpur, Maharashtra 440024",086000 09745,http://aadharsharemarketinstitute.com/,4.9,176.0,Training center,Enquiry@aadharsharemarketinstitute.com,8728323699,https://www.facebook.com/p/Aadhar-Share-Market-Training-Center-100089379064889/,,,
Nagpur,Maharashtra,SEBI-Registered Share Market Training institute,"45, Central Ave, Hansapuri, Nagpur, Maharashtra 440018",098901 99990,,4.7,322.0,Training center,,,,,,
Nagpur,Maharashtra,PROFIT PULSE (Share Market Training Academy In Nagpur),"Dubey Layout, 57, near Hingna T-Point, Government Press Society, Nagpur, Maharashtra 440022",070589 63175,http://www.profitpulse.org.in/,5.0,39.0,Education center,,,,,,
Nagpur,Maharashtra,Me And You Enterprises – Stock Trading Institute | Share Market Class,"Katol, By-Pass Road, near Dhabha, Toll Tax, Wadi, Nagpur, Maharashtra 440023",097666 54766,https://www.meandyouenterprises.in/,5.0,197.0,Training center,official@gmail.com,7917725471,,,,
Nagpur,Maharashtra,Nisshant Mende Stock Market Training,"128, Mokhare College Rd, Lokseva Nagar, bhd, Nagpur, Maharashtra 440022",082757 36633,https://www.nishantmendhe.in/,4.9,249.0,Online Share Trading Center,nishantmendhe@gmail.com,9198234567,https://www.facebook.com/NishantMendheStockMarketTrainingInstitute,https://www.instagram.com/nisshantmenddhe.trader/,https://www.linkedin.com/in/nishant-mendhe-a16427200/,https://img.youtube.com/vi/lh3ep4uGYAI/hqdefault.jpg
Nagpur,Maharashtra,StalkMarket - Best Stock Market Training Academy,,088061 86661,https://www.stalkmarket.in/,5.0,16.0,Online Share Trading Center,,,,,,
Nagpur,Maharashtra,Md Share Market Training& Trading Class,"44FJ 8WW, Kharbi Rd, New Diamond Nagar, Shaktimata Nagar, Kharbi, Nagpur, Maharashtra 440024",082751 48198,http://www.mdsharemarket.com/,5.0,22.0,Training center,,,,,,
Nagpur,Maharashtra,KY SHARE MARKET CLASSES | Best Bank Nifty Classes in Nagpur | Best Share Market Classes in Nagpur,"Flat C1-6, near Sai kirana store, professional courier, Savitri Vihar, Somalwada, Nagpur, Maharashtra 440025",090228 91547,,5.0,25.0,Online Share Trading Center,,,,,,
Nagpur,Maharashtra,Shri Share Market Coaching Classes,"POLICE CHOWKY, near Hasanbagh Road, M-09, Nandanvan, Nagpur, Maharashtra 440024",093709 55817,https://shrisharemarket.in/,4.9,17.0,Online Share Trading Center,spatki06@gmail.com,8210176860,https://facebook.com,https://www.instagram.com/sharemaster20?utm_source,,
Nagpur,Maharashtra,Booming Bulls Hybrid Center Nagpur - Stock Market Academy | Share Market Institute,"Second Floor of N.I.T Plot, 5, E High Ct Rd, New Ramdaspeth, Nagpur, Maharashtra 440010",091213 14049,https://boomingbulls.com/hybrid-center-nagpur/,4.6,76.0,Educational institution,,,,,,
Nagpur,Maharashtra,Share / Stock Market Training Institute- Financial Destination,"JB Wing, Office No.14, Lobby Floor, MNC complex, Mangalwari Bazar Rd, Sadar, Nagpur, Maharashtra 440001",095958 63849,https://financialdestination.in/,4.9,56.0,Training center,dest@gmail.com,7358974914,https://www.facebook.com/share/15m2dd1MGN/,https://www.instagram.com/financial.destination?igsh=bnV0cWRhbWF6bG91,,
Nagpur,Maharashtra,SPECTRUM STOCK TRADER,"New Sahakar Nagar, Kharbi, Nagpur, Maharashtra 440024",092723 34556,https://www.instagram.com/spectrumstocktrader?igsh=dnFyZXU5NXFqb3Qx,5.0,75.0,Education center,,,,,,
Nagpur,Maharashtra,The Doji Academy,"KT Nagar, Nagpur, Maharashtra 440013",084848 03063,http://thedoji.in/,4.9,599.0,Online Share Trading Center,support@thedoji.in,7537888704,https://www.facebook.com/creatorsongraphy,https://www.instagram.com/the_doji/,https://www.linkedin.com/in/goraksh-brahmankar-2bb84a136/,https://www.youtube.com/@thedoji365
Nagpur,Maharashtra,Shlok Associates | Best Stock Market Classes | Share Trading Institute | Nagpur,"The proses, Plot no. 28, behind Tilt Restaurant, Surver Colony, Besa, Besa Pipla, Maharashtra 440037",093709 07328,http://www.shlokassociates.in/shlok,5.0,20.0,Training center,,,,,,
Nagpur,Maharashtra,Sandip Mule Trading Academy,"Amrit Kalash Apartment, 11, Bhagwaghar Layout, Nagpur, Maharashtra 440010",098909 18166,,4.9,38.0,Training center,,,,,,
Nagpur,Maharashtra,Bullers (Stock market class),"Main Ashok chowk, Shre sai vyankatesh apartment, near shere Punjab restaurant, Nagpur, Maharashtra 440017",095187 25825,,5.0,44.0,Training center,,,,,,
Nagpur,Maharashtra,Options Trading School,"Flat No 2, Indranil Apartment, opposite Fuel Headquarter, Laxminagar, Nagpur, Maharashtra 440022",090969 62365,http://www.otsprofit.com/,5.0,5.0,Education center,info@otsprofit.com,9319841581,https://www.facebook.com/profile.php?id=100093198415810&#038;mibextid=ZbWKwL,https://instagram.com/optionstradingschool?igshid=ZGUzMzM3NWJiOQ==,,
Nagpur,Maharashtra,"Orange City Trading Academy, Share Market Training Institute",,095118 87519,,5.0,15.0,Education center,,,,,,
Nagpur,Maharashtra,Bulls Assets Share Market Institute,"Nandanvan Rd, Nagpur, Maharashtra 440009",091122 33348,https://bullsassets.in/,4.9,50.0,Education center,info@example.com,9191122338,https://www.facebook.com/Bullsassets/,https://www.instagram.com/bullsassets/,https://www.linkedin.com/company/bulls-assets-investment-solutions/,
Nashik,Maharashtra,Stakeindia (best stock / share market training Institute / classes in nashik),"Business court, 105, Old Canal Link Rd, near City Center Mall, Radha Vasudev Batavia Nagar, Govind Nagar, Nashik, Maharashtra 422009",086982 34422,http://www.stakeindia.in/,4.9,511.0,Education center,webmaster@stakeindia.in,,,,,
Nashik,Maharashtra,trade N demat Academy | Best Share Market Courses in Nashik,"Office, 110, First Floor, Shreeji Bizz World, Dwarka Purnima Bus Stop In Front of Dominos & Camel House at, Kathe Galli - Mumbai Naka link Rd, beside Zerodha, Signal, Nashik, Maharashtra 422011",083800 24624,https://www.tradendemat.com/,4.9,199.0,Trade school,support@tradeNdemat.com,9900893014,https://www.facebook.com/tradendemat,,,https://www.youtube.com/embed/EM55X2eK-to
Nashik,Maharashtra,Stock Rise Institute (Share Market Training Center | Share Market Classes),"Shop no 644, 6th floor, Roongta Business point Trimurti, C wing, Kamatwade link Rd, near Espaliar school, Nashik, Maharashtra 422009",078757 95409,https://stockriseinsititute.in/pages/landing_page.html,5.0,160.0,Trade school,stockriseinstitute@gmail.com,7584208994,https://www.facebook.com/profile.php?id=61581024804399&mibextid=ZbWKwL,https://www.instagram.com/finanzwithrahul/,,
Nashik,Maharashtra,SMART DAY TRADERS-Stock Market Training Courses,"shubham park building, flat no 4, Ambad Link Rd, Uttam Nagar, Nashik, Maharashtra 422009",098816 25031,https://smartdaytraders.com/,4.8,85.0,Training center,smartdaytraders19@gmail.com,7068837776,https://www.facebook.com/smartdaytraders/,,,https://www.youtube.com/channel/UC7YJeVa7gMNWNbQBpNsOIIQ
Nashik,Maharashtra,C T Academy (Share Market Training Centre),"2nd Floor, Renuka Paradise, Ramdas Swami Marg, nr. Vijay Mamata Cinema, Ashirvad Nagar, Dwarka, Nashik, Maharashtra 422006",090294 91403,https://www.ctacademy.co.in/,4.6,512.0,Online Share Trading Center,,,,,,
Nashik,Maharashtra,Tradostar Share Market Academy,"2nd Floor, Sancheti Tower's, in front of Vikas Talkies, Panchavati, Nashik, Maharashtra 422001",079723 01848,,4.9,128.0,Education center,,,,,,
Nashik,Maharashtra,Marathi Udhyoojak | Stock Market Training Institute | Share Market | Classes- Online/Offline,"7, Manglya Rowhouse, Dindori Rd, Gayatri Nagar, Vaiduwadi, Nashik, Maharashtra 422004",075887 46620,http://www.marathiudhyoojak.in/,4.8,128.0,Financial consultant,marathiudhyoojak@gmail.com,9175887466,,https://instagram.com/marathi_udhyoojak?igshid=YmMyMTA2M2Y=,,https://www.youtube.com/channel/UCiwT_qCQQP5QDYkuh-f_H_g
Nashik,Maharashtra,Trading PIP's | Nashik's Best Trading Academy | Stock Market · Gold · Forex · Crypto | Live Trading Floor,"3rd Floor above Puffs and Rolls, Alampat Building Cycle Circle, College Rd, Krishi Nagar, Nashik, Maharashtra 422005",078753 38929,https://tradingprofitinpoints.in/,4.9,53.0,Educational institution,sumeetkolte24@gmail.com,7672622773,,https://www.instagram.com/_oneofone.2?igsh=amIzcW1yNDU5NWd6,,https://youtube.com/@tradewith_shruti?si=6dLMXoMuhE4fiorv
Nashik,Maharashtra,SHAREEXPERT SHARE MARKET CLASSES,"Suyojit trade center, L 6, Sharanpur Rd, opposite Rajiv Gandhi Bhavan Road, behind ICICI BANK, Nashik, Maharashtra 422002",099757 20856,,4.7,120.0,Online Share Trading Center,,,,,,
Nashik,Maharashtra,Eagle Trading Academy Stock Market Classes,"1,2,3, Falak Apt, Nashik - Pune Hwy, DattaMandir, Nashik, Maharashtra 422101",091754 85528,,4.9,55.0,Training center,,,,,,
Nashik,Maharashtra,शेअरमार्केटची बाराखडी by Hitendra Chaudhari (Dejavu Trading Hub),"4, Ganpati Mandir and Lotus Capital, near Dholya, Ashok Stambh, Nashik, Maharashtra 422002",096733 37962,https://dejavutradinghub.in/,4.9,787.0,Education center,,7870684318,https://www.facebook.com/dejavutradinghub?mibextid=ZbWKwL,https://www.instagram.com/dejavutradinghub?igsh=YXNwMnR1OG5scmdl,,https://www.youtube.com/@deja-vutradinghub6926
Nashik,Maharashtra,Raj sir Stock market Trading Education- RST,"Kamal Nagar, Panchawati, Hirawadi, Nashik, Maharashtra 422003",075582 09455,,5.0,10.0,Coaching Center,,,,,,
Nashik,Maharashtra,STEP FORWARD (SHARE MARKET CLASSES/SHARE MARKET TRAINNING INSTITUTE/STOCK MARKET CLASSES/COURSES/TUTORIAL),"shree, besides sbi main branch, CBS Rd, Shalimar, Nashik, Maharashtra 422001",075179 45829,,4.8,12.0,Education center,,,,,,
Nashik,Maharashtra,Stock Bharat,"BESIDES OF MANYAWAR SHOWROOM, NEAR RYK COLLEGE, College Rd, Nashik, Maharashtra 422005",087935 29307,http://www.stockbharats.com/,5.0,51.0,Educational institution,,,,,,
Nashik,Maharashtra,Euphoria Stock Market Training Institute,"Shop no.1 King's Kourt Buliding, behind the Passport Office, Dawkhar Wadi, Nashik Road, Nashik, Maharashtra 422101",077093 19139,,4.8,47.0,Education center,,,,,,
Nashik,Maharashtra,Avinash Parekar's Institute of Share Market & Services,"signal, at, Mahatma Nagar, Parijat Nagar, Nashik, Maharashtra 422005",089992 99169,,4.8,39.0,Educational institution,,,,,,
Nashik,Maharashtra,Big Monney Share Market Classes,"Share Market Classes 3, 2nd floor, office no. 12, Anant Chambers, Big Monney, behind Dholya Ganpati Mandir, Ashok Stambh, Nashik, Maharashtra 422002",074107 21317,,5.0,33.0,Educational institution,,,,,,
Nashik,Maharashtra,Investors House | Share Market Classes in Nashik | share market courses in Nashik,"Flat no 8 tejashree Apt pandit colony Lane, no 10, Sharanpur Rd, near shashikant electrical, Nashik, Maharashtra 422002",093722 92225,,5.0,32.0,Investment service,,,,,,
Nashik,Maharashtra,Profit Millionaire,"Office no. 204, Samruddhi Business Square, Ashoka Marg, beside Jalsa Marriage Hall, Nashik, Maharashtra 422006",084468 65866,https://www.sakibsaudagar.com/,5.0,122.0,Trade school,,,,,,
Nashik,Maharashtra,"Money4me Equity Services (Share Market Institute / Classes [Online & Offline] in Nashik) | Equity, Commodity, Forex, Option","Ground Floor, Raut Market, Shri Ramkunj Housing Society, A1, Takli Rd, opposite to Amol Kirana Store, Dwarka, Nashik, Maharashtra 422011",080875 73728,https://www.money4me.in/,4.9,397.0,Education center,info@money4me.in,+919975285231,https://www.facebook.com/sagar.rajput.7161,https://instagram.com/sagaromkarrajput?igshid=YmMyMTA2M2Y=,https://www.linkedin.com/in/sagar-rajput-a4465278,https://www.youtube.com/@money4meindia
Nashik,Maharashtra,Trade Research Institute - Share Market Classes in Nashik,"Flat no 11, Dsouza Colony, Ayodhya apartment, College Rd, Nashik, Maharashtra 422005",086239 89695,https://www.traderesearchh.com/,5.0,51.0,Online Share Trading Center,,,,,,
Nashik,Maharashtra,Fivkey Share Market Institute,"Fivkey Share Market Institute, Rajrajeshwari Bunglow, Anusaya Nagar Tapovan Road, Kathe Ln, behind Chetna Hospital, Nashik, Maharashtra 422011",099226 41116,,5.0,69.0,Education center,,,,,,
Nashik,Maharashtra,Stock Professionals,,084469 96633,,5.0,46.0,Online Share Trading Center,,,,,,
Nashik,Maharashtra,Gravity Share Market Trading Classes,"Shri Suktam co operative society, Flat No.2, Prasanna colony, behind Surya hotel, Indira Nagar, Nashik, Maharashtra 422009",084118 89988,,5.0,9.0,Online Share Trading Center,,,,,,
Chhatrapati Sambhajinagar,Maharashtra,Patil Share Market Trading & Training Institute,"Yashodha Apartment, Opp. N2 Community Center Hall, Near Kamgar Chowk, N-3, Cidco, Chhatrapati Sambhajinagar, Maharashtra 431003",097664 85484,https://patilsharemarket.in/,4.9,1100.0,Training center,info@patilsharemarket.in,7721785106,https://www.facebook.com/PatilShareMarket/,https://www.instagram.com/explore/locations/105884361201165/patil-share-market-trading-training-institute/,,https://www.youtube.com/channel/UC8fFaGNGeyXXAdiAtLE_zOw
Chhatrapati Sambhajinagar,Maharashtra,ExpertAction Stock Market Academy,"Shop No: FR-4, B, Jalna Rd, Rana Nagar, Chhatrapati Sambhajinagar, Maharashtra 431009",082372 20005,https://expertaction.in/,4.0,7.0,Training center,contact@sansoxygen.com,8013520035,,,,
Chhatrapati Sambhajinagar,Maharashtra,Smartech Market Institute Pvt Ltd,"2nd Floor, Jyotirling Complex, in front of Nayara Petrol Pump, Bajaj Nagar, Wadgaon Kolhati, Maharashtra 431136",095270 45557,,5.0,120.0,Online Share Trading Center,,,,,,
Chhatrapati Sambhajinagar,Maharashtra,WAVE TRADING ACADEMY,"SHOP NO F2, KHINVASARA MAYFAIR, EAST, Garkheda, Chhatrapati Sambhajinagar, Maharashtra 431009",099750 48844,https://wavetradingacademy.in/,4.9,71.0,Training center,,7127443214,,,,
Chhatrapati Sambhajinagar,Maharashtra,Kadam Capital Share Market Classes,"Office No 10, First Floor, Jalna Rd, near Atithi Hotel, Chhatrapati Sambhajinagar, Maharashtra 431009",075070 14444,http://www.kadamgroups.com/,4.9,321.0,Financial institution,capital@gmail.com,9284824129,https://www.facebook.com/kadamcapitalofficial,https://www.instagram.com/kadam_capital_official/,https://www.linkedin.com/in/mahesh-kadam-0b4964199/,
Chhatrapati Sambhajinagar,Maharashtra,Nifty Guruji Share Market Trading Institute,"Shop No.115, kailash market, Ahilhyabai Holkar Chowk, Railway Station Rd, near Kailash Hotel, Padampura, Chhatrapati Sambhajinagar, Maharashtra 431005",084848 84114,http://www.niftyguruji.com/,4.8,257.0,Online Share Trading Center,,,,,,
Chhatrapati Sambhajinagar,Maharashtra,Express trading stock market institute,"shop no. FR-1, kuber avenue-B, Jalna - Aurangabad Rd, opposite athithi hotel, Rana Nagar, Chhatrapati Sambhajinagar, Maharashtra 431009",098352 90007,https://www.expresstrading.in/,4.7,14.0,Educational institution,contact@expresstrading.in,6458690392,,,,
Chhatrapati Sambhajinagar,Maharashtra,Stockup Financial,"Flat No.203 ,Wing-A, Place, CIDCO Cannought, Cidco, Chhatrapati Sambhajinagar, Maharashtra 431003",094215 81110,https://stockupfinancial.in/,5.0,18.0,Educational institution,,,,,,
Chhatrapati Sambhajinagar,Maharashtra,The 1.6 trader,"PatliPutra housing society, Tisgaon road, Wadgaon, Chhatrapati Sambhajinagar, Maharashtra 431136",083089 21204,,4.8,169.0,Educational institution,,,,,,
Chhatrapati Sambhajinagar,Maharashtra,Shravani Capital,"V9G8 F46, behind bank of baroda, CIDCO Cannought, place, Chhatrapati Sambhajinagar, Maharashtra 431003",097656 62021,https://shravanicapitalandfinancialser.godaddysites.com/,4.9,48.0,Online Share Trading Center,shravnicapitaln100@gmail.com,9197656620,https://www.facebook.com/shravanicapital/,https://www.instagram.com/shravanicapital/,,
Chhatrapati Sambhajinagar,Maharashtra,"Stock Market Box - Classes,Demat and Trading","House No 39, No 24, MGM Rd, near MNPA School, Baijipura, Indira Nagar, Chhatrapati Sambhajinagar, Maharashtra 431001",093091 76319,https://www.stockmarketbox.com/stores/,,,Stock broker,,,,,,
Chhatrapati Sambhajinagar,Maharashtra,"SHRISHA SHARE MARKET ACADEMY, STOCK BROKER, SHARE MARKET CLASSES","Office 5, The Orion Complex, Road (Bhapkar Road, opp. Chelipura High School Railway Station, near Ahilyabai Holkar Chowk, Chhatrapati Sambhajinagar, Maharashtra 431005",070200 00654,http://fb.com/shrishafinancials,3.4,40.0,Financial institution,,9859403337,https://www.facebook.com/shrishafinancials/,,,
Chhatrapati Sambhajinagar,Maharashtra,"Stock Market Box - Classes,Demat and Trading","1, Bhimnagar, Nandanvan Colony, Basantpura, Chhatrapati Sambhajinagar, Maharashtra 431002",085300 01957,https://www.stockmarketbox.com/,,,Stock broker,,,,,,
Chhatrapati Sambhajinagar,Maharashtra,Wisdom Share Market Classes,"1st Floor, Ahilyabai Holkar Chowk, behind Ganpati mandir, beside Amit Electronics, Chhatrapati Sambhajinagar, Maharashtra 431002",072989 80808,https://sites.google.com/view/wisdomsharemarketclasses,4.9,135.0,Online Share Trading Center,,8976067085,,,,
Chhatrapati Sambhajinagar,Maharashtra,Trade With Pavan Share (Stock) Forex Market Classes / Institute,"1st Floor, Plot No.17, above Wellness Forever, Avishkar Colony, N-6, Cidco, Chhatrapati Sambhajinagar, Maharashtra 431003",093258 77069,https://www.tradewithpavan.com/,4.9,46.0,Online Share Trading Center,support@tradewithpavan.com,+91-9325877069,https://www.facebook.com/tradewithpavan,https://instagram.com/tradewithpavan,,
Chhatrapati Sambhajinagar,Maharashtra,TradeGuru,"Dargah, A-3 ,Sagar Apartment, Below Sangram nagar flyover Near Shahnoormiya Dargah Chowk, to, Beed Bypass Rd, Chhatrapati Sambhajinagar, Maharashtra 431009",097303 12408,,5.0,60.0,Online Share Trading Center,,,,,,
Chhatrapati Sambhajinagar,Maharashtra,Learn & Earn SMCC,"Meadows Hill Mist, A2- 506, Paithan Rd, Kanchanwadi, Chhatrapati Sambhajinagar, Maharashtra 431011",084462 39309,https://bit.ly/3KZVddp,4.7,91.0,Financial consultant,smcc@gmail.com,9708714492,https://www.google.com/url?q=https%3A%2F%2Fwww.facebook.com%2Flearn.earn.smcc%2F&amp;sa=D&amp;sntz=1&amp;usg=AOvVaw2KdYH9d_oZ2nRIyKyYWkuQ,https://www.google.com/url?q=https%3A%2F%2Fwww.instagram.com%2Flearn_and_earn_smcc&amp;sa=D&amp;sntz=1&amp;usg=AOvVaw3h78L974cIGX2YV_cyeqsJ,,https://youtube.com/c/RKJhaenhanceyourskills
Chhatrapati Sambhajinagar,Maharashtra,Share Market Classes & Training Institute | Stock Market Trading Classes,"3rd Floor, Eknath Rang Mandir Rd, above Gajanan Jumbo Xerox, beside Om Optical, New Usmanpura, Chhatrapati Sambhajinagar, Maharashtra 431005",095451 13366,https://www.stockmarketclasses.co.in/,1.0,1.0,Online Share Trading Center,,,,,,
Chhatrapati Sambhajinagar,Maharashtra,NIFTY GURUJI SHARE MARKET CLASSES,"SHOP NO 209, FREEDOM TOWER, BEHIND RELIANCE MART AKASHWANI, CHOWK, Jalna - Aurangabad Rd, Chhatrapati Sambhajinagar, Maharashtra 431005",084848 84115,,4.6,9.0,Stock broker,,,,,,
Chhatrapati Sambhajinagar,Maharashtra,Neel's Trading Academy,"Shop No. 10, Near, Kranti Chowk, Ajabnagar, Chhatrapati Sambhajinagar, Maharashtra 431005",086686 10159,,4.8,4.0,Education center,,,,,,
Chhatrapati Sambhajinagar,Maharashtra,Profitmaarg - Stock Market Classes,"30/31, Tirumala Residency, Flat No.3, Plot No, Satyam Nagar, N 5, Cidco, Chhatrapati Sambhajinagar, Maharashtra 431003",086684 68227,,5.0,2.0,Educational institution,,,,,,
Chhatrapati Sambhajinagar,Maharashtra,Radhakrishna Share Market Classes,"Flat No-21, Jai Arihant Housings society, Radhakrishna Share Market Classes, Usmanpura Rd, Muthiyan Corner, Chhatrapati Sambhajinagar, Maharashtra 431003",098901 48084,,4.7,15.0,Online Share Trading Center,,,,,,
Chhatrapati Sambhajinagar,Maharashtra,NextGen DC Trading Academy,"Office 311,con Room, Yash Towers, Shivaji High School Rd, near E- Square Abhinay, Rokda Hanuman Colony, Mondha, Chhatrapati Sambhajinagar, Maharashtra 431001",099608 88134,,5.0,3.0,Educational institution,,,,,,
Chhatrapati Sambhajinagar,Maharashtra,Stockxwala academy BEST STOCK MARKET ACADEMY,"Driving School St, below MSC BANK, opposite to SOFA FACTORY, Beed, Maharashtra 431122",089838 94932,https://www.stockxwala.com/,5.0,38.0,Training center,support@exlyapp.com,6419768205,,,,
Chhatrapati Sambhajinagar,Maharashtra,Profit Strategy Stock Market Classes,"in front of Nehru garden jaysingpur, Shahunagar, Jaysingpur, Maharashtra 416101",089563 37959,,4.9,60.0,Training center,,,,,,
Chhatrapati Sambhajinagar,Maharashtra,OffStrikeTrading Academy,"Church square, Ganesh Nagar Rd, near Christ Hospital, Tukum, Chandrapur, Maharashtra 442401",088309 61187,https://www.offstriketrading.com/,4.8,36.0,Educational institution,support@offstriketrading.com,8520252019,https://www.facebook.com/OffStrikeTrades,https://www.instagram.com/offstriketrading/,https://www.linkedin.com/company/offstriketrading-academy™/,https://www.youtube.com/@offstriketrading
Chhatrapati Sambhajinagar,Maharashtra,KRUPASINDHU SHARE MARKET CLASSES,"Shahid Bhagat Singh School, X-47, Bajaj Nagar, Shahid, Wadgaon Kolhati, Maharashtra 431136",094219 62192,,4.9,15.0,Financial planner,,,,,,
Chhatrapati Sambhajinagar,Maharashtra,Suyog Share Market Classes,"SHOP NO 6 Second Floor, SAMYAK GALLARIA, Sutgirni Chowk, Chhatrapati Sambhajinagar, Maharashtra 431009",090289 26264,,5.0,2.0,Financial consultant,,,,,,
Chhatrapati Sambhajinagar,Maharashtra,Shrija Trading Universe Chatrapati Sambhaji Nagar,"Freedom tower, Akashwani Rd, Chaouk, Chhatrapati Sambhajinagar, Maharashtra 431001",099759 92679,,5.0,20.0,Educational institution,,,,,,
Kolhapur,Maharashtra,Ssanskar Trading Academy,"Vasant Rutu Plaza Shop No - F8, 1st floor Shahu Road, Venus Corner, above ICICI Bank, Kolhapur, Maharashtra 416001",077393 47555,https://www.ssanskarinstitute.in/,5.0,741.0,Stock broker,,,,,,
Kolhapur,Maharashtra,Dp trade research institute | Share Market Classes in Kolhapur,"near bus stand, Shivaji Park, Kolhapur, Maharashtra 416001",070201 46606,http://www.dptraderesearch.com/,4.8,1200.0,Online Share Trading Center,dd0a55ccb8124b9c9d938e3acf41f8aa@sentry.wixpress.com,8999996185,https://www.facebook.com/sridhish,https://instagram.com/daulat77077?igshid=YmMyMTA2M2Y=,,https://www.youtube.com/channel/UCjpEf3iDF1JVxlUUzj9ET6A
Kolhapur,Maharashtra,Bacchan Deshmukh Share market Trading Academy- Share Market Online Classes,"534 kh/ 3E Ward, Mahalxmi center, Life line Critical Care, Near Radhanagri Taluka Shetkari Sahakari Sangh, Vyapari Peth, Shahupuri, Kolhapur, Maharashtra 416001",098811 41403,,4.9,514.0,Stock broker,,,,,,
Kolhapur,Maharashtra,Bulls & Bears Trading Academy-Share Market Training Center,"1st Floor, Puja Masale, near Old Shahu bank, Mangalwar Peth, Kolhapur, Maharashtra 416012",095297 93434,http://bullsbearstrading.com/,4.9,349.0,Online Share Trading Center,,,,,,
Kolhapur,Maharashtra,STOCK RIDER,"Ramanand Nagar Main Rd, Kolhapur, Maharashtra 416007",091301 34457,http://stockrider.in/,5.0,91.0,Education center,,+919130134457,,https://www.instagram.com/stock_rider_official_/,,
Kolhapur,Maharashtra,Free Stock Market Training In Kolhapur Easy Learning Institute,"Panyacha Khajina 1848, B, Sai Complex, Near Gangotri Hospital, Mangalwar Peth, Kolhapur, Maharashtra 416012",070200 43292,http://www.easyonlinecourses.in/,4.8,281.0,Online Share Trading Center,,,,,,
Kolhapur,Maharashtra,Nifstar Education Center,"Business Bay, above HDFC Bank, Tarabai Park, Kolhapur, Maharashtra 416001",095792 19322,,4.8,806.0,Online Share Trading Center,,,,,,
Kolhapur,Maharashtra,RA Trading Academy,"Rajlaxmi Chambers, Bus Route, B-1, 10th Ln, Rajarampuri, Kolhapur, Maharashtra 416008",096654 20707,,5.0,576.0,Educational consultant,,,,,,
Kolhapur,Maharashtra,Trade Univers Sharemarket Classes,"Sutarmala, Laxtirth Vasahat, Kolhapur, Maharashtra 416010",073506 28833,,4.9,63.0,Online Share Trading Center,,,,,,
Kolhapur,Maharashtra,GOTKHINDIKAR SHARE MARKET CLASSES,"B-78, Rajlaxmi Nagar, Deokar Panand, Kolhapur, Maharashtra 416011",098220 45592,,4.7,64.0,Training center,,,,,,
Kolhapur,Maharashtra,Trade Net Wealth Broking Pvt. Ltd.– Trade Center Branch,"Shop No. 14/31,Trade Centre, Kolhapur Station Rd, Kolhapur, Maharashtra 416001",075077 06868,http://www.tradenetwealth.com/,4.9,183.0,Stock broker,query@tradenetstockbroking.com,+917507706868,https://www.facebook.com/TradenetWealthbroking/?ref=page_internal,https://www.instagram.com/accounts/login/?next=/tradenet_wealth/,,https://www.youtube.com/channel/UCPnIhfvee0_18n1WJIyW7DQ
Kolhapur,Maharashtra,Trade Logic Share Market Classes,"834, 4th Ln, near Chougule Hospital, E Ward, Shahupuri, Kolhapur, Maharashtra 416001",080106 21008,,5.0,4.0,Investment service,,,,,,
Kolhapur,Maharashtra,Success Trading,"B11 A Ward Prabhakar Plaza, Station Road, New Shahupuri, Kolhapur, Maharashtra 416001",084593 32494,,5.0,41.0,Stock broker,,,,,,
Kolhapur,Maharashtra,SUCCESS COACHING GROUP,"Sushant Takkalki Building, behind Mahadik Bangalow, Ruikar Colony, Kolhapur, Maharashtra 416005",073850 23456,,4.9,592.0,Training center,,,,,,
Kolhapur,Maharashtra,RST TRADING ACADEMY,"1st Floor, Nirmal Prakash Building, Takala Main Rd, near Krushnai Petrol Pump, Rajarampuri, Kolhapur, Maharashtra 416008",091752 91187,http://rsttradingacademy.in/,,,Charter school,,,,,,
Kolhapur,Maharashtra,Smart Trading Academy,"Gala no. 1, Vasudev appartment, 3rd Ln, near divase medical, Shahupuri, Kolhapur, Maharashtra 416001",087672 56014,,5.0,2.0,Educational institution,,,,,,
Kolhapur,Maharashtra,Realtrade Academy Branch 1,"back side of jyotirling jewellers, near bhaji market, Uchgaon, Maharashtra 416005",078752 49256,,4.7,28.0,Technical school,,,,,,
Kolhapur,Maharashtra,Technical hunting | stock market class,"flat no 7 ""B"" captain deepak shinde nagar mahaveer collage, behind ratnakar bank training centre new palace, road, Kolhapur, Maharashtra 416003",097641 41901,,5.0,84.0,Stock broker,,,,,,
Kolhapur,Maharashtra,Share Trading Campus Kolhapur | Share Market Classes,"office No. F-1 on 1st floor, Ayodhya Towers, C.S. No. 511/Kh, 1 &2, Station Road, E Ward, Kolhapur, Maharashtra 416001",080871 16115,https://sharetradingcampus.com/,4.5,55.0,Online Share Trading Center,dgmarketing@gmail.com,9632987283,https://www.facebook.com/sharetradingcampuspune,https://www.instagram.com/sharetradingcampus,https://www.linkedin.com/company/73488389/admin/,https://www.youtube.com/channel/UCSNBhL93Pstj_BtqiQsmx0w
Kolhapur,Maharashtra,SV Trading Academy,"Binkhambi, ganesh mandir, Wangi Bol, Kolhapur, Maharashtra 416012",094232 34803,https://svtradingacademy.com/,4.8,43.0,Financial consultant,,,,,,
Kolhapur,Maharashtra,Realtrade Academy branch _2,"Patil Sahakari Bank, D Y, above Basement Floor, Kolhapur, Maharashtra 416006",079729 50224,https://linktr.ee/RealTrade_academy,4.7,43.0,Online Share Trading Center,,7250704350,,https://www.instagram.com/realtrade_academy_br2?igsh=MTkxZ2FsMnM2cjI2OA==,,https://www.youtube.com/@Realtrade_academy
Kolhapur,Maharashtra,Broker Sky institute of share market and Share Market Classes in Kolhapur | Best Stock Market in Classes Kolhapur:,"pore complex, Broker Sky, Mudshingi, Kolhapur, Maharashtra 416119",098344 09553,,5.0,2.0,Stock broker,,,,,,
Kolhapur,Maharashtra,Golden Traders - Share Market Academy,"Office No.1, Mouni Krupa Apartment, 12th Ln, Rajarampuri, Kolhapur, Maharashtra 416008",091424 77111,,4.0,21.0,Financial consultant,,,,,,
Kolhapur,Maharashtra,Rp share market Classes,"Gavali Galli, Shaniwar Peth, Papachi Tikati, Kolhapur, Maharashtra 416002",089830 04955,,5.0,8.0,Finance broker,,,,,,
Kolhapur,Maharashtra,Angel One Ltd. - Swapnasrushti Institute Llp,"Shop No 635/2, No G09, near Vaman Gest House, Shahupuri, Kolhapur, Maharashtra 416001",080 3711 7762,https://stockbroker.angelone.in/angel-one-ltd-swapnasrushti-institute-llp-stock-broker-shahupuri-kolhapur-428236/Home?utm_source=locator&utm_medium=googleplaces,5.0,66.0,Stock broker,malekarnishant13@gmail.com,7111022354,https://www.facebook.com/711102235420660,,,
Kolhapur,Maharashtra,Trade be like Trojan Horse Forex Trading Academy,"Venus Corner chowk, opp. laxminarayan temple, Shahupuri, Kolhapur, Maharashtra 416001",078751 96395,https://tradebeliketrojanhorse.com/,5.0,106.0,Education center,,,,,,
Kolhapur,Maharashtra,Go Growmore Solutions Pvt Ltd - Live Trading & Share Market Classes in Kolhapur | Shahupuri,"1st Floor, Bhogate Plaza, 3rd Ln, near Subhash Photography, Shahupuri, Kolhapur, Maharashtra 416001",080 6242 9564,,4.8,175.0,Online Share Trading Center,,,,,,
Kolhapur,Maharashtra,kadam share market classes,"Main road, 7th Ln, Rajarampuri, Kolhapur, Maharashtra 416008",090111 36855,http://kadamgroups.com/,5.0,131.0,Finance broker,capital@gmail.com,9284824129,https://www.facebook.com/kadamcapitalofficial,https://www.instagram.com/kadam_capital_official/,https://www.linkedin.com/in/mahesh-kadam-0b4964199/,
Kolhapur,Maharashtra,"Transform Wealth – Investment, Insurance & Financial Literacy Training","Nagala park, Omkar, opp. Mahavir College, Kolhapur, Maharashtra 416003",083291 17211,https://transform-wealth.lovable.app/book,4.8,80.0,Investment service,in@gmail.com,7887624256,,,,
Solapur,Maharashtra,#1 Stock Market Class in Solapur | Capital Mantra Academy,"First Floor, Shree Swaminath Swamiji Complex, 3/15, Bhavani Peth, Solapur, Maharashtra 413002",093259 70952,https://www.capitalmantra.in/,5.0,161.0,Online Share Trading Center,capitalmantraa1@gmail.com,+91-9325970952,,,,
Solapur,Maharashtra,Stock Market Guru Class,"Kontam Chowk, East, Mangalwar Peth, Solapur, Maharashtra 413002",090758 18881,https://www.instagram.com/stock_market_guru3455?igsh=N25uMnF0dGZqcGow,5.0,86.0,Coaching Center,,,,,,
Solapur,Maharashtra,Om Sai Trading Academy,"opp. D Mart, Complex, Jule, Solapur, Maharashtra 413004",080805 32324,http://www.omsaitradingacademy.com/,5.0,11.0,Online Share Trading Center,,,,,,
Solapur,Maharashtra,Persistence Stock Market Training Institute,"D-1, Manjiri Park, Giriraj Bunglow, Vijapur Rd, near Bahubali Mandir, Solapur, Maharashtra 413004",086055 40115,,4.9,8.0,Education center,,,,,,
Solapur,Maharashtra,BIG THINKERS SHARE MARKET CLASSES,"G29, Kuber Complex, Vijapur Rd, near inchgiri math, Solapur, Maharashtra 413004",097632 77079,,5.0,10.0,Financial consultant,,,,,,
Solapur,Maharashtra,Ajinkya Share Market Classes,"Prajya hotel, Solapur, Maharashtra 413005",099215 55209,https://ajinkyasharemarket-05.ajinkyasharemarket.com/,5.0,6.0,Education center,,,,,,
Solapur,Maharashtra,Share market classes SOLAPUR,"pathrut chowk, behind New Building of Civil Hospital, Kumta Naka, Solapur, Maharashtra 413003",082619 91972,,4.5,2.0,Stock broker,,,,,,
Solapur,Maharashtra,KUBER SHARE MARKET CLASSES,"Asara Society, 7 B, Hotagi Rd, above Bank Of Baroda, Solapur, Maharashtra 413003",077988 81777,https://www.instagram.com/kuber_share_market_classes/profilecard/?igsh=MXRjczY0OGlmd2pxaw==,5.0,33.0,Education center,,9859403337,,https://static.cdninstagram.com/rsrc.php/yr/r/rzWiSjZRxk5.webp,,
Solapur,Maharashtra,Tradex Share Market Training Institute,"Walchand Hirachand Marg, Ashowo Chowk, Solapur, Maharashtra 413006",095959 57663,http://www.ttmibytradex.com/,5.0,3.0,Online Share Trading Center,,,,,,
Solapur,Maharashtra,KASHIN WEALTH,"school, Melody Apartments, B7, near Old IMS Road, Jule, Solapur, Maharashtra 413008",085548 88884,,4.6,23.0,Financial consultant,,,,,,
Solapur,Maharashtra,Stock Market Guru,"plot 672, Mangalwar Peth, Solapur, Maharashtra 413002",072765 05089,https://stockmarketgurusolapur.com/,5.0,5.0,Online Share Trading Center,,,,,,
Solapur,Maharashtra,VN12 Stock Market Classes,"JWWQ F34, Nilam Sramjivi Nagar, Solapur, Maharashtra 413003",093709 59903,,5.0,1.0,Education center,,,,,,
Solapur,Maharashtra,Trade On Stock Market Course,"shop no 13, vaidehi building no.1, PURUSHOTTAM HEIGHTS, near swanand hospital, Shirgaon, Badlapur, Maharashtra 421503",074473 66989,,4.9,152.0,Learning center,,,,,,
Solapur,Maharashtra,"In -Depth Share Market Training Institute, Islampur","Uran lslampur - Sangli Rd, near Vilasrao Patil Petrol Pump, below Axis Bank, Peth, Urun-Ishwarpur, Maharashtra 415409",082754 95940,http://www.indepthsharemarkettraininginstitute.com/,5.0,101.0,Education center,,,,,,
Solapur,Maharashtra,Ambition Share Market Classes.,"MWG8 2X5, Shaniwar Peth, Solapur, Maharashtra 413005",077983 87387,,5.0,2.0,Corporate office,,,,,,
Solapur,Maharashtra,Disha Computer Institute Solapur,"Office no 34& 35, Birajdar Complex Domino's Pizza Solapur 413003 Rangbhavan road, Rupa Bhavani Rd, Solapur, Maharashtra 413001",090496 64885,http://www.dishagroup.in/,4.7,1800.0,Software Training Institute,,,,,,
Solapur,Maharashtra,V Share Market Classes,"Ganbote Complex, Pune - Solapur Rd, Indapur, Maharashtra 413106",091729 15330,,5.0,16.0,Training center,,,,,,
Solapur,Maharashtra,Ashwath Infotech Pvt. Ltd.,"164, Rupa Bhavani Rd, Railway lines, Jawaharlal Housing Society, Keshav Nagra, Solapur, Maharashtra 413001",094056 24412,,4.8,328.0,Educational institution,,,,,,
Solapur,Maharashtra,Join-Me Commerce Classes,"Vishal Nagar, Jule Solapur First Floor, Kanishk Plaza, above Annapurna Sweet Mart, Solapur, Maharashtra 413004",098608 04421,,5.0,141.0,Coaching Center,,,,,,
Solapur,Maharashtra,The Safe Trader Academy,"MS Pride, 2nd Floor, Raghavendra colony, Beeramguda, Hyderabad, Telangana 502032",092975 06666,http://www.thesafetrader.in/,4.9,480.0,Training center,mail2safetrader@gmail.com,9741755000,https://www.facebook.com/thesafetraders,https://www.instagram.com/mallinath_thetrader/,https://www.linkedin.com/in/mmulage/,https://www.youtube.com/@thesafetraderacademy
Chennai,Tamil Nadu,Stock Phoenix,"3rd Main Rd, near Bluestar Ac Service, 2nd Layout, Teachers's Colony, Lakshmipuram, Chennai, Tamil Nadu 600099",,http://www.stockphoenix.com/,4.7,13.0,Education center,admin@stockphoenix.com,+91-9962046497,,,,
Chennai,Tamil Nadu,Stock Up Research Trading Academy,,,https://stockupresearchtradin.in/,5.0,1.0,Stock broker,,,,,,
Chennai,Tamil Nadu,Trade with Arun’s technical (Twat trading academy Chennai),"Valayapathi Salai, J J Nagar, Mogappair East, Chennai, Tamil Nadu 600037",,https://tradewitharuntechnical.graphy.com/,4.9,27.0,Training center,,+919043721889,,,,https://www.youtube.com/c/GraphyUniversity
Anna Nagar Chennai,Tamil Nadu,IOB Staff College,"No.230, 7/A, Jawaharlal Nehru Salai, Old Tirumangalam, Anna Nagar, Chennai, Tamil Nadu 600040",,,4.7,177.0,College,,,,,,
T Nagar Chennai,Tamil Nadu,LEARN & TRADE WITH CRUDE GURUKUL,,,http://t.me/crudeguruexclusive,4.9,75.0,Online Share Trading Center,,7063234166,,,,
Tambaram Chennai,Tamil Nadu,Professional Traders Training Institute,,,,5.0,1.0,Educational institution,,,,,,
Tambaram Chennai,Tamil Nadu,RISE2WEALTH PRIVATE LIMITED,"2nd Floor, No : 13/11, Duraisamy pillai Street, West Tambaram, Tambaram, Tamil Nadu 600045",,,5.0,2.0,Investment service,,,,,,
Tambaram Chennai,Tamil Nadu,PROFITMART,"210/911, Velachery main road, Camp Rd, Selaiyur, Tambaram, Tamil Nadu 600073",,https://profitmart.in/,4.8,33.0,Online Share Trading Center,grievance@profitmart.in,7715757124,https://www.facebook.com/ProfitmartSecuritiesPvtLtd,https://www.instagram.com/profitmartofficial/,https://www.linkedin.com/company/profitmart/,https://www.youtube.com/c/PROFITMART?sub_confirmation=1
Velachery Chennai,Tamil Nadu,Excelsior training institute,,,,4.8,263.0,Training center,,,,,,
Coimbatore,Tamil Nadu,ACS Capital Market Academy,"1509/1593,Opposite NTC Staff College, Trichy Rd, near Girias, Coimbatore, Tamil Nadu 641018",,https://annamalaicapital.in/certification-training-program.html,5.0,9.0,Online Share Trading Center,informationtechacs@gmail.com,9750921100,https://www.facebook.com/annamalaicapital,https://www.instagram.com/annamalai_capital/,https://in.linkedin.com/in/annamalaicapital,https://www.youtube.com/channel/UCongvCtY40iPWg9KjrSuv6Q
Coimbatore,Tamil Nadu,Coincube Trading | Stock Market Made Simple,"Arumugam Layout Ext, Peelamedu, Anna Nagar, Coimbatore, Tamil Nadu 641004",,https://www.instagram.com/coin_cube?igsh=a2NqbDhmOXRsYTdi,5.0,7.0,Training center,,,,,,
Coimbatore,Tamil Nadu,STOCK MARKET KERALA | Stock Trading Courses,"TI Complex@Madathimyalil, Civil Line Rd, Vazhakkala, Kakkanad, Kochi, Kerala 682021",,http://www.stockmarketkerala.com/,4.7,523.0,Educational institution,info@stockmarketkerala.com,7879120945,https://m.facebook.com/stockmarketkeralafb/,https://www.instagram.com/stock_market_kerala?igsh=MXdlNHA3YnYxeWcyZw==,https://www.linkedin.com/company/stock-market-kerala/,https://youtube.com/@stockmarketkerala_in?si=9n2_nLCrGM6afKKx
Coimbatore,Tamil Nadu,"Stock Market Box - Classes,Demat and Trading","No 208, Colony Street, Keelaiyur, Tamil Nadu 621707",,https://www.stockmarketbox.com/stores/,,,Stock broker,,,,,,
Coimbatore,Tamil Nadu,"Stock Market Box - Classes,Demat and Trading","Aqsa Traders, near Hasan Garden, Kuniyamuthur, Coimbatore, Tamil Nadu 641008",,https://www.stockmarketbox.com/stores/,,,Stock broker,,,,,,
Madurai,Tamil Nadu,Millionaire Stockz - Stock Market Training Institute,"58,MUTHALIYAR, East St, Tallakulam, Tamil Nadu 625002",,,,,Private Tutor,,,,,,
Madurai,Tamil Nadu,Daily Gong Financial Services Ltd,"MIG- 341, Rajkumar building, 2nd Floor, LIG Colony, 80, Feet Road, Anna Nagar, Madurai, Tamil Nadu 625020",,http://www.msefsl.com/,4.8,216.0,Stock broker,helpdesk@msefsl.com,8005720673,https://www.facebook.com/dailygongbymsefsl/,https://www.instagram.com/dailygongbymsefsl/,https://www.linkedin.com/company/daily-gong-by-msefsl/,
Madurai,Tamil Nadu,ONLINEMANIA,"3rd Floor, Goods Shed St, Madurai Main, Madurai, Tamil Nadu 625001",,,3.4,10.0,Civil examinations academy,,,,,,
Madurai,Tamil Nadu,ICFM - Stock Market Institute,,,,,,Educational institution,,,,,,
Tiruchirappalli,Tamil Nadu,Sharemarket,"Rahumaniya Puram, Tennur, Tiruchirappalli, Tamil Nadu 620017",,,5.0,2.0,Online Share Trading Center,,,,,,
Tiruchirappalli,Tamil Nadu,"Stock Market Box - Classes,Demat and Trading","Singarathope, Devathanam, 25, Sandhukadai St, Singarathope, Devathanam, Tiruchirappalli, Tamil Nadu 620008",,https://www.stockmarketbox.com/,,,Stock broker,,,,,,
Tiruchirappalli,Tamil Nadu,"Stock Market Box - Classes,Demat and Trading","Gandhi Rd, Thiruvanaikoil, Srirangam, Tiruchirappalli, Tamil Nadu 620006",,https://www.stockmarketbox.com/,,,Stock broker,,,,,,
Tiruchirappalli,Tamil Nadu,STOCK BROKING,"NO.23-A, 1 FLOOR, RAMARAYAR AGRAHARAM THILLAI NAGAR 11TH CROSS EAST, opp. to GASTRO CARE HOSPITAL, Tiruchirappalli, Tamil Nadu 620017",,,3.7,6.0,Online Share Trading Center,,,,,,
Tiruchirappalli,Tamil Nadu,Option trading,"Raja colony, 1st St, Tiruchirappalli, Tamil Nadu 620020",,,,,Online Share Trading Center,,,,,,
Tirunelveli,Tamil Nadu,Petrichor Trading Academy (Certified Equity Dealer),,,https://quant-financialdynamics.blogspot.com/,4.8,13.0,Training center,,9007199254,,,,
Tirunelveli,Tamil Nadu,IOB RSETI RURAL SELF EMPLOYMENT TRAINING INSTITUTE TIRUNELVELI,"A 63, First Floor, 5th Cross Street, Maharaja Nagar, Tirunelveli, Tamil Nadu 627011",,,4.7,221.0,Training center,,,,,,
Tirunelveli,Tamil Nadu,A2K Institute - Skill Development Centre -Tirunelveli,"GRK Complex, 88E, Azaadh Road, Town, Tamil Nadu 627008",,https://www.instagram.com/a2kinstitute.in?igsh=MW52b2ZxZ2hrb2tyYw==,4.6,11.0,Educational institution,,,,,,
Tirunelveli,Tamil Nadu,Design and Drafting Technology(Tekla Training Center),"B66/1, near sadakathullah College, Rahmath Nagar, Palayamkottai, Tirunelveli, Tamil Nadu 627011",,http://www.designtodrafting.com/,4.9,30.0,Training center,,,,,,
Tiruppur,Tamil Nadu,TiruppurBulls Share,"4, First St, Tiruppur, Tamil Nadu 641604",,,4.8,12.0,Information services,,,,,,
Tiruppur,Tamil Nadu,PIVOT TRADING ACADEMY,"5,ARUKOMBAI, 1st St, Kamaraj Nagar, Tiruppur, Tamil Nadu 641602",,,,,Stock broker,,,,,,
Mumbai,Maharashtra,Trend Tech Hub-Share Market Training Institute In Ghatkopar Mumbai-Stock Market/Share Trading Courses In Ghatkopar Mumbai,"6th floor - Office no 607 ,Shubham Avenue Station Road, Shree, Shree Gurudatta Mandir Marg, Ghatkopar East, Mumbai, Maharashtra 400075",,,5.0,31.0,Online Share Trading Center,,,,,,
Andheri Mumbai,Maharashtra,NseBseMarket Stock market course in andheri,"Swami Vivekanand Rd, near Shopper Stop, Andheri West, Mumbai, Maharashtra 400102",,,5.0,1.0,Coaching Center,,,,,,
Andheri Mumbai,Maharashtra,stock market institute,"subway, 305, Habib Nagar chs, besides guruniwas, pump house, near Western Express Highway, near Raksha Multispeciality Hospital, Mumbai, Maharashtra 400093",,,1.0,1.0,Training center,,,,,,
Dadar Mumbai,Maharashtra,Intraday Stock Trading Academy Mumbai - Nifty & BankNifty,"WRRH 5W4, Mahapalika Marg, Dhobi Talao, Azad Maidan, Fort, Mumbai, Maharashtra 400020",,https://www.dmgurukul.com/,3.0,2.0,Education center,info@dmgurukul.com,7647058824,https://www.facebook.com/profile.php?id=61563867789544,https://www.instagram.com/dm_gurukul/,,
Thane,Maharashtra,Nilesh Patil | Best Stock Market Course in Mumbai | Share Market Classes in Mumbai | Live Trading | Learn Option Trading,"Vardhman Industrial Complex, 227, Gokul Nagar, Thane, Maharashtra 400601",,https://nileshpatil.com/,4.9,615.0,Educational institution,,,,,,
Thane,Maharashtra,Wiinstocks -A stock market institute,"office no 1, Galaxy Towers, Waghbil Naka Flyover, Thane, Maharashtra 400615",,,5.0,7.0,Education center,,,,,,
Navi Mumbai,Maharashtra,UR Stock Trading Institute,"G-197, Ground Floor, Haware Fantasia Business Park, Sector 30A, Navi Mumbai, Maharashtra 400703",,https://www.urstocktrading.com/,5.0,34.0,Education center,,,,,,
Navi Mumbai,Maharashtra,Stock market classes,"hanuman mandir, Ghansoli Gaon, Ghansoli, Navi Mumbai, Maharashtra 400701",,,5.0,4.0,Education center,,,,,,
Navi Mumbai,Maharashtra,Share Market & Share Trading Classes by Asha Careers,,,https://www.ashacareers.com/,4.9,51.0,Training center,,,,,,
Navi Mumbai,Maharashtra,NeoTrader - The No:1 Software For Trading,"Proxima Building, 12th, Arunachal Bhawan E, near Vashi Railway Station Road, Navi Mumbai, Maharashtra 400703",,https://neotrader.in/,4.6,510.0,Financial consultant,,,https://www.facebook.com/NeoTrader.in,https://www.instagram.com/neotrader25/,https://www.linkedin.com/company/neo-trader/jobs/,https://www.youtube.com/@NeoTrader
Navi Mumbai,Maharashtra,Lord Sai Investment & Share Market Academy,"KAMTHA ROAD, near GADE HOSPITAL, Shreeraj Nagar, APT, Uran, Maharashtra 400702",,,5.0,46.0,Educational institution,,,,,,
Navi Mumbai,Maharashtra,ICFM Navi Mumbai - Stock Market Institute,,,https://www.icfmindia.com/study-center/navi-mumbai,4.5,19.0,Educational institution,info@icfmindia.com,6727392390,https://www.facebook.com/icfminstitute/,https://www.instagram.com/icfm.institute/,https://www.linkedin.com/company/icfm-institute/,https://www.youtube.com/channel/UCs36AA7UBP7FxzzqnCZ_ZQQ/videos
Pune,Maharashtra,Share Market Academy - (NISM- Certified Institute for Stock Market Trading Courses),"shriji hotel, Sakhare Vasti Rd, phase 01, Pune, Maharashtra 411057",,https://invite.dhan.co/?join=AKUR60,5.0,3.0,Financial consultant,,,,,,
Nagpur,Maharashtra,NISMT - Share Market Classes,"201, 2nd Floor, Monarch Apartment, IT Park Rd, near Zudio, Gayatri Nagar, Nagpur, Maharashtra 440022",,http://www.nismtindia.com/,4.9,475.0,Education center,,+918459327547,,,,
Nagpur,Maharashtra,Share Market Classes (SMT Nagpur),"House Number, 19, 2nd Floor, Plot Number 7, Chhaoni Rd, opposite Achraj Towers 1, Sadar, Nagpur, Maharashtra 440013",,https://www.smtnagpur.com/,5.0,19.0,Training center,,,,,,
Nagpur,Maharashtra,Academy of Pro-Traderz,"Plot no A, 17, near KDK College, Nandanvan, Nagpur, Maharashtra 440024",,,5.0,29.0,Financial institution,,,,,,
Nagpur,Maharashtra,STOCK OG,"Rameshwari - Beltarodi road Rama nagar, Shatabdi Square, Nagpur, Maharashtra 440027",,,4.9,49.0,Training center,,,,,,
Nagpur,Maharashtra,Stocksurge Trading Academy,"Besa-Pipla Rd, Nagpur, Maharashtra 440037",,https://stocksurgehq.com/,5.0,20.0,Education center,your@email.com,9189825592,,https://www.instagram.com/stocksurge_hq?igsh=MXQ2dzg2ZWw0NDloNw%3D%3D&utm_source=qr,,https://youtube.com/@stocksurgehq
Nashik,Maharashtra,Trade Magic Educare Pvt. Ltd.,"Office No 6A, 3rd Floor, Yashomandir Complex, College Rd, beside Tushar Missal, Nashik, Maharashtra 422005",,https://learn.trademagic.co.in/,4.9,600.0,Financial institution,,,,,,
Nashik,Maharashtra,TREND TECH HUB TRADING INSTITUTE,"Shop no 110, 1st floor , B wing, Maruti Plaza , Commercial Complex Behind Shagun Tadak Hotel Vidya Vikas Circle, Gangapur Rd, Nashik, Maharashtra 422005",,,5.0,22.0,Education center,,,,,,
Chhatrapati Sambhajinagar,Maharashtra,Raut Stock Market Academy,"R6RM XHW, Jay Bhawani Chowk, Bajaj Nagar, Waluj, Wadgaon Kolhati, Maharashtra 431136",,,4.9,36.0,Corporate office,,,,,,
Chhatrapati Sambhajinagar,Maharashtra,MarketSmaj Share Market Academy,"N5, MGM Rd, near Dwarkadas Shamkumar Showroom, Town Center, Cidco, Chhatrapati Sambhajinagar, Maharashtra 431003",,,5.0,27.0,Education center,,,,,,
Chhatrapati Sambhajinagar,Maharashtra,Share Market Classes,"2nd floor, Plot No.01, Ameerpet to kalda corner, above kailas nx mens wear, near matrix buisness center, Saujanya Nagar, road, Chhatrapati Sambhajinagar, Maharashtra 431005",,,4.8,218.0,Training center,,,,,,
Chhatrapati Sambhajinagar,Maharashtra,Evergreen Share Market Academy,,,https://www.evergreenshares.com/,5.0,3.0,Educational institution,,,,,,
Chhatrapati Sambhajinagar,Maharashtra,Gurukul Share Market Classes,"V8GW JRX, Jalna Rd, Raghuveer Nagar, Mahesh Nagar, M G M, Chhatrapati Sambhajinagar, Maharashtra 431001",,,,,Education center,,,,,,
Chhatrapati Sambhajinagar,Maharashtra,Bhavnaz Share Market Classes,"Nishant Park Hotel, Venus Society, C-23, Beed Bypass Rd, B/H, Chhatrapati Sambhajinagar, Maharashtra 431009",,,5.0,24.0,Education center,,,,,,
Chhatrapati Sambhajinagar,Maharashtra,M Trading Academy,"Kk complex, Beed Bypass Rd, Chh, Chhatrapati Sambhajinagar, Maharashtra 431005",,,5.0,5.0,Stock broker,,,,,,
Chhatrapati Sambhajinagar,Maharashtra,Market Wala Share Market Classes,"V8GP 23P, New Balaji Nagar, Sindhi Colony, Chhatrapati Sambhajinagar, Maharashtra 431001",,,5.0,1.0,Education center,,,,,,
Kolhapur,Maharashtra,PRINCE TRADING ACADEMY,"44 B/1A Rankala Road, Near Padmaraje Garden Tambat Kaman, C Ward, Kolhapur, Maharashtra 416012",,,4.9,62.0,Online Share Trading Center,,,,,,
Kolhapur,Maharashtra,"Nilesh S. Bahirshet - Jain, kolhapur - Free Stock Market Training , Kolhapur","near Bal Kalyan Sankul, near Panyacha Khajina, Mangalwar Peth, Kolhapur, Maharashtra 416012",,https://www.nileshjain.in/,4.7,125.0,Educational institution,sbjain@gmail.com,7538543887,,,,
Solapur,Maharashtra,Tradex Stock Market Academy,"College, Ashok Chowk, Infront of Old, Ramchandra Empires, Walchand Hirachand Marg, Solapur, Maharashtra 413006",,http://www.ttmibytradex.com/,5.0,2.0,Online Share Trading Center,,,,,,
Solapur,Maharashtra,Dhanlaxmi trading institute,"Dufferin Chowk, 42/1, near state bank of india, behind PN Gadgil & Son's jewellers, Solapur, Maharashtra 413001",,https://www.instagram.com/dhanalaxmi_trading_institute?igsh=MWk3cmZla2p5YjBybQ==,5.0,37.0,Education center,,,,,,
Solapur,Maharashtra,RAJLAXMI OPTION TRADING| SHARE MARKET CLASSES IN SOLAPUR,"Near Tejaswini Hospital, Sharad pawar High school road, Opposite of Lokmangal Oxy Park, Muraraji Peth, Solapur - 413002, Solapur, Maharashtra 413001",,,5.0,15.0,Training center,,,,,,
Solapur,Maharashtra,"Stock Market Box - Classes,Demat and Trading","Mandrup Bhandar, near ZP School, Kavade, Bhandarkavathe, Solapur, Maharashtra 413221",,https://www.stockmarketbox.com/stores/,,,Stock broker,,,,,,
Solapur,Maharashtra,Traders Zone share market institute,"Samata Colony Rd, near radhika cycle agency, opposite equitas bank, Dharashiv, Maharashtra 413501",,,4.9,36.0,Educational institution,,,,,,
Solapur,Maharashtra,Share Market Classes In Solapur,"18, Hotagi Rd, Laxmi Park, Gandhi Nagar, Ratandeep Housing Society, Solapur, Maharashtra 413003",,,,,Corporate office,,,,,,
Solapur,Maharashtra,UR STOCK TRADING INSTITUTE,"SHOP NO 3, SHIVKRUPA, PLOT NO 1266, nr. MARUTI MANDIR, SOUTH, Bhadravathi Peth, Solapur, Maharashtra 413005",,,,,Educational institution,,,,,,
Solapur,Maharashtra,Trading Teacher Anand Gyanbote,"Plot No 101, Barshi - Solapur Rd, Bale, Gopinath Nagar, Gulwanchi, Maharashtra 413222",,http://tradingteacher.in/,5.0,4.0,Online Share Trading Center,,,,,,
Solapur,Maharashtra,SHREE SHARE MARKET CLASSES,"Asara chowk, near essar petrol pump, Solapur, Maharashtra 413004",,https://chat.whatsapp.com/JQ6AWAIe2lZDS3E28Evcxc,4.3,12.0,Education center,,8135668969,https://www.facebook.com/profile.php?id=100064758844406,https://www.instagram.com/whatsapp/?hl=en,,https://www.youtube.com/channel/UCAuerig2N-RZWJT8x75V9yw
Solapur,Maharashtra,Ajinkya Share Market Classes,"Rangbhavan Rd, nearby Garud Bunglow, opposite to Pizza Hut, Solapur, Maharashtra 413006",,,5.0,1.0,Stock broker,,,,,,
